cbs2018,01-May-2020
Removal,Mass Removal,Land-Fixing,Artifact-Fixing,Walkers,Bounce,Counters,Disruption (hand)
Bonecrusher Giant,Time Wipe,Azorius Guildgate,Arcane Signet,Angrath| Captain of Chaos,Banish into Fable,Negate,Duress
Casualties of War,,Bloodfell Caves,Dimir Locket,Arlinn| Voice of the Pack,,Thassa's Intervention,
Conclave Tribunal,,Blossoming Sands,Firemind Vessel,Ashiok| Dream Render,,,
Expansion // Explosion,,Command Tower,Golden Egg,Calix| Destiny's Hand,,,
Goblin Cratermaker,,Dimir Guildgate,Golgari Locket,Domri| Anarch of Bolas,,,
Heartfire,,Dismal Backwater,Heraldic Banner,Elspeth| Sun's Nemesis,,,
Meteor Golem,,Evolving Wilds,Izzet Locket,Garruk| Cursed Huntsman,,,
Mortify,,Gateway Plaza,Mana Geode,Kasmina| Enigmatic Mentor,,,
Pacifism,,Godless Shrine,Orzhov Locket,Nahiri| Storm of Stone,,,
Plaguecrafter,,Golgari Guildgate,Selesnya Locket,Saheeli| Sublime Artificer,,,
Price of Fame,,Gruul Guildgate,Simic Locket,,,,
Prison Realm,,Hallowed Fountain,,,,,
Rabid Bite,,Izzet Guildgate,,,,,
Response // Resurgence,,Jungle Hollow,,,,,
Scorching Dragonfire,,Rakdos Guildgate,,,,,
Shock,,Rugged Highlands,,,,,
Silent Dart,,Scoured Barrens,,,,,
Slaying Fire,,Selesnya Guildgate,,,,,
Solar Blaze,,Simic Guildgate,,,,,
Wicked Wolf,,Stomping Ground,,,,,
,,Temple of Abandon,,,,,
,,Temple of Malady,,,,,
,,Temple of Mystery,,,,,
,,Temple of Silence,,,,,
,,Temple of Triumph,,,,,
,,Thornwood Falls,,,,,
,,Tournament Grounds,,,,,
,,Tranquil Cove,,,,,
,,Wind-Scarred Crag,,,,,
,,,,,,,
,,,,,,,
,,,,,,,
,,,,,,,
,,,,,,,
,,,,,,,
,,,,,,,
,,,,,,,
,,,,,,,
,,,,,,,
,,,,,,,
,,,,,,,
,,,,,,,
,,,,,,,
,,,,,,,
,,,,,,,
,,,,,,,
,,,,,,,
,,,,,,,
,,,,,,,
,,,,,,,
,,,,,,,
,,,,,,,
,,,,,,,
,,,,,,,
,,,,,,,
,,,,,,,
,,,,,,,
,,,,,,,
,,,,,,,
,,,,,,,
,,,,,,,
,,,,,,,
,,,,,,,
,,,,,,,
,,,,,,,
,,,,,,,
,,,,,,,
,,,,,,,
,,,,,,,
,,,,,,,
,,,,,,,
,,,,,,,
,,,,,,,
,,,,,,,
,,,,,,,
,,,,,,,
,,,,,,,
,,,,,,,
,,,,,,,
,,,,,,,
,,,,,,,
,,,,,,,
,,,,,,,
,,,,,,,
,,,,,,,
,,,,,,,
,,,,,,,
,,,,,,,
,,,,,,,
,,,,,,,
,,,,,,,
,,,,,,,
,,,,,,,
,,,,,,,
,,,,,,,
,,,,,,,
,,,,,,,
,,,,,,,
,,,,,,,
,,,,,,,
,,,,,,,
,,,,,,,
,,,,,,,
,,,,,,,
,,,,,,,
,,,,,,,
,,,,,,,
,,,,,,,
,,,,,,,
,,,,,,,
,,,,,,,
,,,,,,,
,,,,,,,
,,,,,,,
,,,,,,,
,,,,,,,
,,,,,,,
,,,,,,,
,,,,,,,
,,,,,,,
,,,,,,,
,,,,,,,
,,,,,,,
,,,,,,,
,,,,,,,
,,,,,,,
,,,,,,,
,,,,,,,
,,,,,,,
,,,,,,,
,,,,,,,
,,,,,,,
,,,,,,,
,,,,,,,
,,,,,,,
,,,,,,,
,,,,,,,
,,,,,,,
,,,,,,,
,,,,,,,
,,,,,,,
,,,,,,,
,,,,,,,
,,,,,,,
,,,,,,,
,,,,,,,
,,,,,,,
,,,,,,,
,,,,,,,
,,,,,,,
