CygnetFreud,24-Apr-2020
Removal,Mass Removal,Land-Fixing,Artifact-Fixing,Walkers,Bounce,Counters,Disruption (hand)
Abrade,Burning of Xinye,Arid Mesa,Chrome Mox,Ajani Vengeant,Cyclonic Rift,Condescend,Duress
Arc Lightning,Damnation,Ash Barrens,Coalition Relic,Ashiok| Nightmare Weaver,Man-o'-War,Counterspell,Hymn to Tourach
Assassin's Trophy,Day of Judgment,Battlefield Forge,Talisman of Conviction,Chandra| Flamecaller,Upheaval,Cryptic Command,Inquisition of Kozilek
Attrition,Dragonlord Atarka,Bayou,Talisman of Creativity,Chandra| Torch of Defiance,Venser| Shaper Savant,Daze,Kitesail Freebooter
Banishing Light,Fiery Confluence,Blood Crypt,Talisman of Curiosity,Dack Fayden,,Disallow,Thoughtseize
Beast Within,Parallax Wave,Bloodstained Mire,Talisman of Dominance,Elspeth| Knight-Errant,,Force Spike,Vendilion Clique
Burst Lightning,Supreme Verdict,Breeding Pool,Talisman of Hierarchy,Elspeth| Sun's Champion,,Force of Will,
Chain Lightning,Toxic Deluge,Celestial Colonnade,Talisman of Impulse,Garruk Relentless,,Mana Leak,
Char,Wrath of God,City of Brass,Talisman of Indulgence,Garruk Wildspeaker,,Memory Lapse,
Control Magic,,Creeping Tar Pit,Talisman of Progress,Gideon Blackblade,,Miscalculation,
Council's Judgment,,Fabled Passage,Talisman of Resilience,Gideon| Ally of Zendikar,,Mystic Confluence,
Dismember,,Flooded Strand,Talisman of Unity,Jace Beleren,,Negate,
Doom Blade,,Gemstone Mine,,Jace| the Mind Sculptor,,Remand,
Dreadbore,,Godless Shrine,,Karn Liberated,,Remove Soul,
Electrolyze,,Grand Coliseum,,Karn| Scion of Urza,,Spell Pierce,
Fatal Push,,Hallowed Fountain,,Liliana of the Veil,,,
Fireblast,,Horizon Canopy,,Liliana| Death's Majesty,,,
Firebolt,,Karplusan Forest,,Liliana| Dreadhorde General,,,
Flame Slash,,Llanowar Wastes,,Narset| Parter of Veils,,,
Flametongue Kavu,,Lumbering Falls,,Nicol Bolas| God-Pharaoh,,,
Fractured Identity,,Mana Confluence,,Nissa| Steward of Elements,,,
Go for the Throat,,Marsh Flats,,Nissa| Voice of Zendikar,,,
Goblin Cratermaker,,Misty Rainforest,,Nissa| Worldwaker,,,
Hero's Downfall,,Overgrown Tomb,,Sarkhan the Masterless,,,
Hostage Taker,,Plateau,,Sarkhan| the Dragonspeaker,,,
Imprisoned in the Moon,,Polluted Delta,,Sorin| Solemn Visitor,,,
Incinerate,,Prismatic Vista,,Teferi| Hero of Dominaria,,,
Inferno Titan,,Sacred Foundry,,Tezzeret| Artifice Master,,,
Journey to Nowhere,,Savannah,,Ugin| the Spirit Dragon,,,
Lightning Bolt,,Scalding Tarn,,Xenagos| the Reveler,,,
Lightning Helix,,Scrubland,,,,,
Lightning Strike,,Shambling Vent,,,,,
Maelstrom Pulse,,Steam Vents,,,,,
Magma Jet,,Stomping Ground,,,,,
Mizzium Mortars,,Sulfurous Springs,,,,,
Murderous Rider,,Taiga,,,,,
Nekrataal,,Temple Garden,,,,,
Oblivion Ring,,Tropical Island,,,,,
Opposition,,Tundra,,,,,
Palace Jailer,,Underground Sea,,,,,
Path to Exile,,Verdant Catacombs,,,,,
Plague Engineer,,Volcanic Island,,,,,
Ravenous Chupacabra,,Wandering Fumarole,,,,,
Searing Spear,,Watery Grave,,,,,
Shriekmaw,,Windswept Heath,,,,,
Snuff Out,,Wooded Foothills,,,,,
Sower of Temptation,,,,,,,
Stoke the Flames,,,,,,,
Swords to Plowshares,,,,,,,
Treachery,,,,,,,
Unexpectedly Absent,,,,,,,
Vindicate,,,,,,,
Walking Ballista,,,,,,,
Winds of Abandon,,,,,,,
,,,,,,,
,,,,,,,
,,,,,,,
,,,,,,,
,,,,,,,
,,,,,,,
,,,,,,,
,,,,,,,
,,,,,,,
,,,,,,,
,,,,,,,
,,,,,,,
,,,,,,,
,,,,,,,
,,,,,,,
,,,,,,,
,,,,,,,
,,,,,,,
,,,,,,,
,,,,,,,
,,,,,,,
,,,,,,,
,,,,,,,
,,,,,,,
,,,,,,,
,,,,,,,
,,,,,,,
,,,,,,,
,,,,,,,
,,,,,,,
,,,,,,,
,,,,,,,
,,,,,,,
,,,,,,,
,,,,,,,
,,,,,,,
,,,,,,,
,,,,,,,
,,,,,,,
,,,,,,,
,,,,,,,
,,,,,,,
,,,,,,,
,,,,,,,
,,,,,,,
,,,,,,,
,,,,,,,
,,,,,,,
,,,,,,,
,,,,,,,
,,,,,,,
,,,,,,,
,,,,,,,
,,,,,,,
,,,,,,,
,,,,,,,
,,,,,,,
,,,,,,,
,,,,,,,
,,,,,,,
,,,,,,,
,,,,,,,
,,,,,,,
,,,,,,,
,,,,,,,
,,,,,,,
,,,,,,,
,,,,,,,
,,,,,,,
,,,,,,,
,,,,,,,
,,,,,,,
,,,,,,,
,,,,,,,
,,,,,,,
,,,,,,,
,,,,,,,
,,,,,,,
,,,,,,,
,,,,,,,
,,,,,,,
,,,,,,,
,,,,,,,
,,,,,,,
,,,,,,,
,,,,,,,
,,,,,,,
,,,,,,,
,,,,,,,
,,,,,,,
,,,,,,,
,,,,,,,
,,,,,,,
,,,,,,,
,,,,,,,
,,,,,,,
