domcosta,01-May-2020
Removal,Mass Removal,Land-Fixing,Artifact-Fixing,Walkers,Bounce,Counters,Disruption (hand)
Abrade,Blast Zone,Adarkar Wastes,Coalition Relic,Chandra| Flamecaller,Brazen Borrower,Counterspell,Agonizing Remorse
Angel of Sanctions,Burning of Xinye,Arid Mesa,Talisman of Creativity,Chandra| Torch of Defiance,Repeal,Cryptic Command,Duress
Arc Lightning,Damnation,Blood Crypt,Talisman of Dominance,Daretti| Ingenious Iconoclast,Upheaval,Force of Negation,Hymn to Tourach
Arc Trail,Day of Judgment,Bloodstained Mire,Talisman of Progress,Elspeth| Knight-Errant,Venser| Shaper Savant,Glen Elendra Archmage,Inquisition of Kozilek
Banishing Light,Fiery Confluence,Breeding Pool,,Elspeth| Sun's Champion,,Mana Leak,Kitesail Freebooter
Beast Within,Languish,Celestial Colonnade,,Elspeth| Sun's Nemesis,,Miscalculation,Mesmeric Fiend
Bonecrusher Giant,Parallax Wave,Creeping Tar Pit,,Garruk Relentless,,Mystic Confluence,Thoughtseize
Burst Lightning,Toxic Deluge,Fiery Islet,,Garruk Wildspeaker,,Negate,Vendilion Clique
Chain Lightning,Wrath of God,Flooded Strand,,Gideon Blackblade,,Remand,
Char,,Godless Shrine,,Gideon Jura,,Spell Pierce,
Control Magic,,Hallowed Fountain,,Gideon| Ally of Zendikar,,Supreme Will,
Council's Judgment,,Hissing Quagmire,,Jace| the Mind Sculptor,,,
Custodi Lich,,Horizon Canopy,,Karn| Scion of Urza,,,
Dismember,,Karplusan Forest,,Koth of the Hammer,,,
Dreadbore,,Lavaclaw Reaches,,Liliana of the Veil,,,
Exquisite Firecraft,,Lumbering Falls,,Liliana| Death's Majesty,,,
Fatal Push,,Mana Confluence,,Liliana| the Last Hope,,,
Fire // Ice,,Marsh Flats,,Mu Yanling| Sky Dancer,,,
Flametongue Kavu,,Misty Rainforest,,Nissa| Voice of Zendikar,,,
Fractured Identity,,Needle Spires,,Nissa| Who Shakes the World,,,
Glorybringer,,Nurturing Peatland,,Oko| Thief of Crowns,,,
Go for the Throat,,Overgrown Tomb,,Saheeli| the Gifted,,,
Grim Lavamancer,,Polluted Delta,,Sarkhan| the Dragonspeaker,,,
Hero's Downfall,,Prismatic Vista,,Teferi| Hero of Dominaria,,,
Hostage Taker,,Raging Ravine,,Teferi| Time Raveler,,,
Incinerate,,Sacred Foundry,,Tezzeret| Artifice Master,,,
Inferno Titan,,Scalding Tarn,,Ugin| the Ineffable,,,
Izzet Charm,,Shambling Vent,,Vivien| Arkbow Ranger,,,
Journey to Nowhere,,Silent Clearing,,Vraska| Golgari Queen,,,
Lightning Bolt,,Steam Vents,,Wrenn and Six,,,
Maelstrom Pulse,,Stirring Wildwood,,Xenagos| the Reveler,,,
Magma Jet,,Stomping Ground,,,,,
Murderous Rider,,Sulfurous Springs,,,,,
Noxious Gearhulk,,Sunbaked Canyon,,,,,
Oblivion Ring,,Temple Garden,,,,,
Opposition,,Underground River,,,,,
Palace Jailer,,Verdant Catacombs,,,,,
Path to Exile,,Wandering Fumarole,,,,,
Plague Engineer,,Waterlogged Grove,,,,,
Ravenous Chupacabra,,Watery Grave,,,,,
Searing Spear,,Windswept Heath,,,,,
Shatter the Sky,,Wooded Foothills,,,,,
Shriekmaw,,,,,,,
Snuff Out,,,,,,,
Sower of Temptation,,,,,,,
Swords to Plowshares,,,,,,,
Ultimate Price,,,,,,,
Unexpectedly Absent,,,,,,,
Vindicate,,,,,,,
Voracious Hydra,,,,,,,
Walking Ballista,,,,,,,
Wicked Wolf,,,,,,,
,,,,,,,
,,,,,,,
,,,,,,,
,,,,,,,
,,,,,,,
,,,,,,,
,,,,,,,
,,,,,,,
,,,,,,,
,,,,,,,
,,,,,,,
,,,,,,,
,,,,,,,
,,,,,,,
,,,,,,,
,,,,,,,
,,,,,,,
,,,,,,,
,,,,,,,
,,,,,,,
,,,,,,,
,,,,,,,
,,,,,,,
,,,,,,,
,,,,,,,
,,,,,,,
,,,,,,,
,,,,,,,
,,,,,,,
,,,,,,,
,,,,,,,
,,,,,,,
,,,,,,,
,,,,,,,
,,,,,,,
,,,,,,,
,,,,,,,
,,,,,,,
,,,,,,,
,,,,,,,
,,,,,,,
,,,,,,,
,,,,,,,
,,,,,,,
,,,,,,,
,,,,,,,
,,,,,,,
,,,,,,,
,,,,,,,
,,,,,,,
,,,,,,,
,,,,,,,
,,,,,,,
,,,,,,,
,,,,,,,
,,,,,,,
,,,,,,,
,,,,,,,
,,,,,,,
,,,,,,,
,,,,,,,
,,,,,,,
,,,,,,,
,,,,,,,
,,,,,,,
,,,,,,,
,,,,,,,
,,,,,,,
,,,,,,,
,,,,,,,
,,,,,,,
,,,,,,,
,,,,,,,
,,,,,,,
,,,,,,,
,,,,,,,
,,,,,,,
,,,,,,,
,,,,,,,
,,,,,,,
,,,,,,,
,,,,,,,
,,,,,,,
,,,,,,,
,,,,,,,
,,,,,,,
,,,,,,,
,,,,,,,
,,,,,,,
,,,,,,,
,,,,,,,
,,,,,,,
,,,,,,,
,,,,,,,
,,,,,,,
,,,,,,,
,,,,,,,
,,,,,,,
