ikzann,02-May-2020
Removal,Mass Removal,Land-Fixing,Artifact-Fixing,Walkers,Bounce,Counters,Disruption (hand)
Abrade,Day of Judgment,Arid Mesa,Azorius Signet,Ajani Vengeant,Blink of an Eye,Condescend,Agonizing Remorse
Arc Trail,Dragonlord Atarka,Ash Barrens,Coalition Relic,Chandra| Acolyte of Flame,Brazen Borrower,Counterspell,Duress
Banishing Light,Languish,Blood Crypt,Coldsteel Heart,Chandra| Flamecaller,Man-o'-War,Cryptic Command,Hymn to Tourach
Bonecrusher Giant,Parallax Wave,Bloodstained Mire,Talisman of Creativity,Chandra| Torch of Defiance,Reflector Mage,Glen Elendra Archmage,Inquisition of Kozilek
Burst Lightning,Pyroclasm,Breeding Pool,Talisman of Curiosity,Daretti| Ingenious Iconoclast,Riftwing Cloudskate,Mana Leak,Kitesail Freebooter
Cast Down,Settle the Wreckage,Celestial Colonnade,Talisman of Dominance,Garruk Relentless,Upheaval,Mana Tithe,Thoughtseize
Chain Lightning,Toxic Deluge,City of Brass,Talisman of Hierarchy,Gideon Blackblade,Venser| Shaper Savant,Miscalculation,Vendilion Clique
Char,Wrath of God,Creeping Tar Pit,,Gideon Jura,,Mystic Confluence,
Control Magic,,Fabled Passage,,Gideon| Ally of Zendikar,,Remand,
Council's Judgment,,Fiery Islet,,Jace Beleren,,Supreme Will,
Custodi Lich,,Flooded Strand,,Jace| Architect of Thought,,Thassa's Intervention,
Dismember,,Godless Shrine,,Karn Liberated,,,
Fire // Ice,,Hallowed Fountain,,Karn| Scion of Urza,,,
Fireblast,,Mana Confluence,,Liliana of the Veil,,,
Firebolt,,Marsh Flats,,Liliana| Death's Majesty,,,
Flametongue Kavu,,Misty Rainforest,,Mu Yanling| Sky Dancer,,,
Fractured Identity,,Nurturing Peatland,,Narset| Parter of Veils,,,
Glorybringer,,Overgrown Tomb,,Nissa| Voice of Zendikar,,,
Go for the Throat,,Polluted Delta,,Nissa| Who Shakes the World,,,
Goblin Cratermaker,,Prismatic Vista,,Saheeli| Sublime Artificer,,,
Grim Lavamancer,,Raging Ravine,,Sarkhan| the Dragonspeaker,,,
Hero's Downfall,,Sacred Foundry,,Vivien Reid,,,
Hostage Taker,,Scalding Tarn,,Vraska| Golgari Queen,,,
Incinerate,,Scattered Groves,,Vraska| Relic Seeker,,,
Inferno Titan,,Silent Clearing,,,,,
Izzet Charm,,Steam Vents,,,,,
Lightning Bolt,,Stomping Ground,,,,,
Lightning Helix,,Sulfurous Springs,,,,,
Lightning Strike,,Sunbaked Canyon,,,,,
Maelstrom Pulse,,Temple Garden,,,,,
Magma Jet,,Verdant Catacombs,,,,,
Murderous Cut,,Waterlogged Grove,,,,,
Murderous Rider,,Watery Grave,,,,,
Oblivion Ring,,Windswept Heath,,,,,
Opposition,,Wooded Foothills,,,,,
Palace Jailer,,,,,,,
Path to Exile,,,,,,,
Plague Engineer,,,,,,,
Ravenous Chupacabra,,,,,,,
Rolling Earthquake,,,,,,,
Shriekmaw,,,,,,,
Snuff Out,,,,,,,
Sower of Temptation,,,,,,,
Swords to Plowshares,,,,,,,
Ultimate Price,,,,,,,
Unexpectedly Absent,,,,,,,
Vindicate,,,,,,,
Voracious Hydra,,,,,,,
Winds of Abandon,,,,,,,
,,,,,,,
,,,,,,,
,,,,,,,
,,,,,,,
,,,,,,,
,,,,,,,
,,,,,,,
,,,,,,,
,,,,,,,
,,,,,,,
,,,,,,,
,,,,,,,
,,,,,,,
,,,,,,,
,,,,,,,
,,,,,,,
,,,,,,,
,,,,,,,
,,,,,,,
,,,,,,,
,,,,,,,
,,,,,,,
,,,,,,,
,,,,,,,
,,,,,,,
,,,,,,,
,,,,,,,
,,,,,,,
,,,,,,,
,,,,,,,
,,,,,,,
,,,,,,,
,,,,,,,
,,,,,,,
,,,,,,,
,,,,,,,
,,,,,,,
,,,,,,,
,,,,,,,
,,,,,,,
,,,,,,,
,,,,,,,
,,,,,,,
,,,,,,,
,,,,,,,
,,,,,,,
,,,,,,,
,,,,,,,
,,,,,,,
,,,,,,,
,,,,,,,
,,,,,,,
,,,,,,,
,,,,,,,
,,,,,,,
,,,,,,,
,,,,,,,
,,,,,,,
,,,,,,,
,,,,,,,
,,,,,,,
,,,,,,,
,,,,,,,
,,,,,,,
,,,,,,,
,,,,,,,
,,,,,,,
,,,,,,,
,,,,,,,
,,,,,,,
,,,,,,,
,,,,,,,
,,,,,,,
,,,,,,,
,,,,,,,
,,,,,,,
,,,,,,,
,,,,,,,
,,,,,,,
,,,,,,,
,,,,,,,
,,,,,,,
,,,,,,,
,,,,,,,
,,,,,,,
,,,,,,,
,,,,,,,
,,,,,,,
,,,,,,,
,,,,,,,
,,,,,,,
,,,,,,,
,,,,,,,
,,,,,,,
,,,,,,,
,,,,,,,
,,,,,,,
,,,,,,,
,,,,,,,
,,,,,,,
,,,,,,,
