indigo.zach,24-Apr-2020
Removal,Mass Removal,Land-Fixing,Artifact-Fixing,Walkers,Bounce,Counters,Disruption (hand)
Arc Trail,Drown in Sorrow,Arcane Sanctum,Talisman of Conviction,Davriel| Rogue Shadowmage,Aetherize,Condescend,Hymn to Tourach
Ashes to Ashes,Fire Covenant,Ash Barrens,Talisman of Creativity,Kasmina| Enigmatic Mentor,Callous Dismissal,Counterspell,Inquisition of Kozilek
Banisher Priest,Inner Demon,Azorius Chancery,Talisman of Curiosity,Narset| Parter of Veils,Exclusion Mage,Daze,Mesmeric Fiend
Blessed Alliance,Pestilence,Azorius Guildgate,Talisman of Dominance,Saheeli| Sublime Artificer,Into the Roil,Exclude,
Brimstone Volley,Pyroclasm,Bloodfell Caves,Talisman of Hierarchy,Samut| Tyrant Smasher,Reflector Mage,Force Spike,
Burst Lightning,Shower of Coals,Blossoming Sands,Talisman of Impulse,Tibalt| Rakish Instigator,Repeal,Mana Leak,
Cast Down,Skewer the Critics,Boros Garrison,Talisman of Indulgence,Vraska| Swarm's Eminence,Riftwing Cloudskate,Mana Tithe,
Cast Out,Slice and Dice,Boros Guildgate,Talisman of Progress,,,Memory Lapse,
Chain Lightning,Zealous Persecution,City of Brass,Talisman of Resilience,,,Miscalculation,
Chainer's Edict,,Crumbling Necropolis,Talisman of Unity,,,Remand,
Conclave Tribunal,,Dimir Aqueduct,,,,Remove Soul,
Control Magic,,Dimir Guildgate,,,,Supreme Will,
Disfigure,,Dismal Backwater,,,,Syncopate,
Dismember,,Evolving Wilds,,,,,
Doom Blade,,Frontier Bivouac,,,,,
Electrolyze,,Golgari Guildgate,,,,,
Epic Confrontation,,Golgari Rot Farm,,,,,
Faith's Fetters,,Gruul Guildgate,,,,,
Fatal Push,,Gruul Turf,,,,,
Fire // Ice,,Izzet Boilerworks,,,,,
Fire Covenant,,Izzet Guildgate,,,,,
Firebolt,,Jungle Hollow,,,,,
Flametongue Kavu,,Jungle Shrine,,,,,
Forked Bolt,,Mystic Monastery,,,,,
Frenzied Fugue,,Nomad Outpost,,,,,
Fungal Infection,,Opulent Palace,,,,,
Glass Casket,,Orzhov Basilica,,,,,
Go for the Throat,,Orzhov Guildgate,,,,,
Goblin Cratermaker,,Rakdos Carnarium,,,,,
Incinerate,,Rakdos Guildgate,,,,,
Journey to Nowhere,,Rugged Highlands,,,,,
Lightning Bolt,,Sandsteppe Citadel,,,,,
Lightning Helix,,Savage Lands,,,,,
Lightning Strike,,Scoured Barrens,,,,,
Magma Jet,,Seaside Citadel,,,,,
Murderous Redcap,,Selesnya Guildgate,,,,,
Narcolepsy,,Selesnya Sanctuary,,,,,
Nekrataal,,Simic Growth Chamber,,,,,
Oblivion Ring,,Simic Guildgate,,,,,
Pacifism,,Swiftwater Cliffs,,,,,
Palace Jailer,,Terramorphic Expanse,,,,,
Path to Exile,,Thornwood Falls,,,,,
Plaguecrafter,,Tranquil Cove,,,,,
Ravenous Chupacabra,,Wind-Scarred Crag,,,,,
Rift Bolt,,,,,,,
Savage Swipe,,,,,,,
Seal Away,,,,,,,
Searing Blaze,,,,,,,
Shriekmaw,,,,,,,
Snuff Out,,,,,,,
Staggershock,,,,,,,
Swords to Plowshares,,,,,,,
The Eldest Reborn,,,,,,,
Thunderous Wrath,,,,,,,
Ultimate Price,,,,,,,
,,,,,,,
,,,,,,,
,,,,,,,
,,,,,,,
,,,,,,,
,,,,,,,
,,,,,,,
,,,,,,,
,,,,,,,
,,,,,,,
,,,,,,,
,,,,,,,
,,,,,,,
,,,,,,,
,,,,,,,
,,,,,,,
,,,,,,,
,,,,,,,
,,,,,,,
,,,,,,,
,,,,,,,
,,,,,,,
,,,,,,,
,,,,,,,
,,,,,,,
,,,,,,,
,,,,,,,
,,,,,,,
,,,,,,,
,,,,,,,
,,,,,,,
,,,,,,,
,,,,,,,
,,,,,,,
,,,,,,,
,,,,,,,
,,,,,,,
,,,,,,,
,,,,,,,
,,,,,,,
,,,,,,,
,,,,,,,
,,,,,,,
,,,,,,,
,,,,,,,
,,,,,,,
,,,,,,,
,,,,,,,
,,,,,,,
,,,,,,,
,,,,,,,
,,,,,,,
,,,,,,,
,,,,,,,
,,,,,,,
,,,,,,,
,,,,,,,
,,,,,,,
,,,,,,,
,,,,,,,
,,,,,,,
,,,,,,,
,,,,,,,
,,,,,,,
,,,,,,,
,,,,,,,
,,,,,,,
,,,,,,,
,,,,,,,
,,,,,,,
,,,,,,,
,,,,,,,
,,,,,,,
,,,,,,,
,,,,,,,
,,,,,,,
,,,,,,,
,,,,,,,
,,,,,,,
,,,,,,,
,,,,,,,
,,,,,,,
,,,,,,,
,,,,,,,
,,,,,,,
,,,,,,,
,,,,,,,
,,,,,,,
,,,,,,,
,,,,,,,
,,,,,,,
,,,,,,,
,,,,,,,
,,,,,,,
,,,,,,,
