KitsuneCurator,01-May-2020
Removal,Mass Removal,Land-Fixing,Artifact-Fixing,Walkers,Bounce,Counters,Disruption (hand)
Abrade,Balance,Arid Mesa,Azorius Signet,Ajani Vengeant,Brazen Borrower,Condescend,Collective Brutality
Angel of Sanctions,Blast Zone,Ash Barrens,Chrome Mox,Chandra| Acolyte of Flame,Man-o'-War,Counterspell,Duress
Arc Trail,Catastrophe,Blood Crypt,Coalition Relic,Chandra| Flamecaller,Reflector Mage,Cryptic Command,Hymn to Tourach
Bonecrusher Giant,Damnation,Bloodstained Mire,Coldsteel Heart,Chandra| Torch of Defiance,Upheaval,Daze,Inquisition of Kozilek
Burst Lightning,Dragonlord Atarka,Breeding Pool,Dimir Signet,Daretti| Ingenious Iconoclast,Venser| Shaper Savant,Force Spike,Thoughtseize
Chain Lightning,Engineered Explosives,Celestial Colonnade,Gilded Lotus,Elspeth| Sun's Champion,,Glen Elendra Archmage,Vendilion Clique
Char,Fiery Confluence,City of Brass,Izzet Signet,Garruk Relentless,,Mana Leak,
Control Magic,Nevinyrral's Disk,Creeping Tar Pit,,Gideon Blackblade,,Mana Tithe,
Custodi Lich,Parallax Wave,Fabled Passage,,Gideon| Ally of Zendikar,,Memory Lapse,
Dismember,Pernicious Deed,Fetid Pools,,Jace Beleren,,Miscalculation,
Firebolt,Toxic Deluge,Fiery Islet,,Jace| the Mind Sculptor,,Mystic Confluence,
Flametongue Kavu,Wrath of God,Flooded Strand,,Karn Liberated,,Remand,
Fractured Identity,,Godless Shrine,,Karn| Scion of Urza,,Spell Pierce,
Glorybringer,,Hallowed Fountain,,Koth of the Hammer,,,
Go for the Throat,,Hissing Quagmire,,Liliana of the Veil,,,
Goblin Cratermaker,,Horizon Canopy,,Liliana| Death's Majesty,,,
Grim Lavamancer,,Irrigated Farmland,,Liliana| the Last Hope,,,
Hero's Downfall,,Karplusan Forest,,Nicol Bolas| God-Pharaoh,,,
Hostage Taker,,Lavaclaw Reaches,,Nissa| Voice of Zendikar,,,
Inferno Titan,,Lumbering Falls,,Nissa| Who Shakes the World,,,
Izzet Charm,,Marsh Flats,,Oko| Thief of Crowns,,,
Lightning Bolt,,Misty Rainforest,,Saheeli| Sublime Artificer,,,
Liliana's Triumph,,Needle Spires,,Saheeli| the Gifted,,,
Magma Jet,,Nurturing Peatland,,Serra the Benevolent,,,
Murderous Rider,,Overgrown Tomb,,Vraska| Relic Seeker,,,
Noxious Gearhulk,,Polluted Delta,,Will Kenrith,,,
Oblivion Ring,,Prismatic Vista,,Wrenn and Six,,,
Opposition,,Raging Ravine,,,,,
Palace Jailer,,Sacred Foundry,,,,,
Path to Exile,,Scalding Tarn,,,,,
Plague Engineer,,Shambling Vent,,,,,
Ravenous Chupacabra,,Silent Clearing,,,,,
Rolling Earthquake,,Steam Vents,,,,,
Shriekmaw,,Stirring Wildwood,,,,,
Skinrender,,Stomping Ground,,,,,
Snuff Out,,Sulfurous Springs,,,,,
Sower of Temptation,,Sunbaked Canyon,,,,,
Staggershock,,Temple Garden,,,,,
Swords to Plowshares,,Verdant Catacombs,,,,,
Unexpectedly Absent,,Wandering Fumarole,,,,,
Vedalken Shackles,,Waterlogged Grove,,,,,
Vindicate,,Watery Grave,,,,,
Voracious Hydra,,Windswept Heath,,,,,
Vraska's Contempt,,Wooded Foothills,,,,,
Walking Ballista,,,,,,,
Winds of Abandon,,,,,,,
,,,,,,,
,,,,,,,
,,,,,,,
,,,,,,,
,,,,,,,
,,,,,,,
,,,,,,,
,,,,,,,
,,,,,,,
,,,,,,,
,,,,,,,
,,,,,,,
,,,,,,,
,,,,,,,
,,,,,,,
,,,,,,,
,,,,,,,
,,,,,,,
,,,,,,,
,,,,,,,
,,,,,,,
,,,,,,,
,,,,,,,
,,,,,,,
,,,,,,,
,,,,,,,
,,,,,,,
,,,,,,,
,,,,,,,
,,,,,,,
,,,,,,,
,,,,,,,
,,,,,,,
,,,,,,,
,,,,,,,
,,,,,,,
,,,,,,,
,,,,,,,
,,,,,,,
,,,,,,,
,,,,,,,
,,,,,,,
,,,,,,,
,,,,,,,
,,,,,,,
,,,,,,,
,,,,,,,
,,,,,,,
,,,,,,,
,,,,,,,
,,,,,,,
,,,,,,,
,,,,,,,
,,,,,,,
,,,,,,,
,,,,,,,
,,,,,,,
,,,,,,,
,,,,,,,
,,,,,,,
,,,,,,,
,,,,,,,
,,,,,,,
,,,,,,,
,,,,,,,
,,,,,,,
,,,,,,,
,,,,,,,
,,,,,,,
,,,,,,,
,,,,,,,
,,,,,,,
,,,,,,,
,,,,,,,
,,,,,,,
,,,,,,,
,,,,,,,
,,,,,,,
,,,,,,,
,,,,,,,
,,,,,,,
,,,,,,,
,,,,,,,
,,,,,,,
,,,,,,,
,,,,,,,
,,,,,,,
,,,,,,,
,,,,,,,
,,,,,,,
,,,,,,,
,,,,,,,
,,,,,,,
,,,,,,,
,,,,,,,
,,,,,,,
,,,,,,,
,,,,,,,
,,,,,,,
,,,,,,,
,,,,,,,
,,,,,,,
,,,,,,,
,,,,,,,
