Lemem,01-May-2020
Removal,Mass Removal,Land-Fixing,Artifact-Fixing,Walkers,Bounce,Counters,Disruption (hand)
Abrade,Damnation,Arid Mesa,Coalition Relic,Ajani Vengeant,Brazen Borrower,Condescend,Agonizing Remorse
Angel of Sanctions,Day of Judgment,Blood Crypt,Talisman of Conviction,Ajani| Adversary of Tyrants,Callous Dismissal,Counterspell,Collective Brutality
Arc Lightning,Drown in Sorrow,Blood Crypt,Talisman of Creativity,Ajani| Caller of the Pride,Man-o'-War,Force Spike,Duress
Arc Trail,Fiery Confluence,Bloodstained Mire,Talisman of Curiosity,Ajani| Mentor of Heroes,Reflector Mage,Mana Leak,Inquisition of Kozilek
Assassin's Trophy,Fumigate,Breeding Pool,Talisman of Dominance,Ajani| Strength of the Pride,Upheaval,Memory Lapse,Kitesail Freebooter
Bonecrusher Giant,Languish,Breeding Pool,Talisman of Hierarchy,Ajani| the Greathearted,Venser| Shaper Savant,Miscalculation,Liliana's Specter
Burst Lightning,Pyroclasm,City of Brass,Talisman of Impulse,Arlinn Kord,,Mystic Confluence,Mesmeric Fiend
Cast Down,Slagstorm,Clifftop Retreat,Talisman of Indulgence,Ashiok| Nightmare Muse,,Negate,Thoughtseize
Cast Out,Sweltering Suns,Dragonskull Summit,Talisman of Progress,Chandra| Acolyte of Flame,,Remand,Vendilion Clique
Chain Lightning,Toxic Deluge,Drowned Catacomb,Talisman of Resilience,Chandra| Flamecaller,,Spell Pierce,
Control Magic,Wrath of God,Fabled Passage,Talisman of Unity,Chandra| Torch of Defiance,,Supreme Will,
Council's Judgment,,Flooded Strand,,Daretti| Ingenious Iconoclast,,Syncopate,
Custodi Lich,,Glacial Fortress,,Domri| Anarch of Bolas,,Thassa's Intervention,
Declaration in Stone,,Godless Shrine,,Elspeth| Sun's Champion,,,
Dragonlord Silumgar,,Godless Shrine,,Elspeth| Sun's Nemesis,,,
Dreadbore,,Grand Coliseum,,Garruk Relentless,,,
Eat to Extinction,,Hallowed Fountain,,Garruk Wildspeaker,,,
Electrolyze,,Hallowed Fountain,,Garruk| Cursed Huntsman,,,
Exquisite Firecraft,,Hinterland Harbor,,Garruk| Primal Hunter,,,
Faith's Fetters,,Isolated Chapel,,Gideon Blackblade,,,
Fatal Push,,Mana Confluence,,Gideon of the Trials,,,
Firebolt,,Marsh Flats,,Gideon| Ally of Zendikar,,,
Flametongue Kavu,,Misty Rainforest,,Huatli| Warrior Poet,,,
Forked Bolt,,Overgrown Tomb,,Jace Beleren,,,
Fractured Identity,,Overgrown Tomb,,Jace| Unraveler of Secrets,,,
Galvanic Blast,,Polluted Delta,,Jace| Wielder of Mysteries,,,
Glorybringer,,Prismatic Vista,,Jace| the Mind Sculptor,,,
Go for the Throat,,Rootbound Crag,,Karn| Scion of Urza,,,
Goblin Cratermaker,,Sacred Foundry,,Liliana| Dreadhorde General,,,
Grim Lavamancer,,Sacred Foundry,,Liliana| the Last Hope,,,
Hero's Downfall,,Scalding Tarn,,Mu Yanling| Sky Dancer,,,
Incendiary Flow,,Steam Vents,,Nissa| Steward of Elements,,,
Incinerate,,Steam Vents,,Nissa| Vital Force,,,
Inferno Titan,,Stomping Ground,,Nissa| Voice of Zendikar,,,
Izzet Charm,,Stomping Ground,,Nissa| Who Shakes the World,,,
Lightning Bolt,,Sulfur Falls,,Ob Nixilis Reignited,,,
Lightning Helix,,Sunpetal Grove,,Oko| Thief of Crowns,,,
Lightning Strike,,Temple Garden,,Saheeli| Sublime Artificer,,,
Magma Jet,,Temple Garden,,Sarkhan the Masterless,,,
Murderous Cut,,Terramorphic Expanse,,Sorin| Lord of Innistrad,,,
Murderous Rider,,Verdant Catacombs,,Teferi| Hero of Dominaria,,,
Noxious Gearhulk,,Watery Grave,,Tezzeret| Artifice Master,,,
Oblivion Ring,,Watery Grave,,The Royal Scions,,,
Oust,,Windswept Heath,,Ugin| the Ineffable,,,
Palace Jailer,,Wooded Foothills,,Vivien| Arkbow Ranger,,,
Path to Exile,,Woodland Cemetery,,Vraska| Golgari Queen,,,
Plague Engineer,,,,,,,
Purphoros's Intervention,,,,,,,
Ravenous Chupacabra,,,,,,,
Ruinous Path,,,,,,,
Shatter the Sky,,,,,,,
Shriekmaw,,,,,,,
Skinrender,,,,,,,
Solar Blaze,,,,,,,
Staggershock,,,,,,,
Swords to Plowshares,,,,,,,
Ultimate Price,,,,,,,
Unexpectedly Absent,,,,,,,
Vindicate,,,,,,,
Voracious Hydra,,,,,,,
Walking Ballista,,,,,,,
Wicked Wolf,,,,,,,
Winds of Abandon,,,,,,,
,,,,,,,
,,,,,,,
,,,,,,,
,,,,,,,
,,,,,,,
,,,,,,,
,,,,,,,
,,,,,,,
,,,,,,,
,,,,,,,
,,,,,,,
,,,,,,,
,,,,,,,
,,,,,,,
,,,,,,,
,,,,,,,
,,,,,,,
,,,,,,,
,,,,,,,
,,,,,,,
,,,,,,,
,,,,,,,
,,,,,,,
,,,,,,,
,,,,,,,
,,,,,,,
,,,,,,,
,,,,,,,
,,,,,,,
,,,,,,,
,,,,,,,
,,,,,,,
,,,,,,,
,,,,,,,
,,,,,,,
,,,,,,,
,,,,,,,
,,,,,,,
,,,,,,,
,,,,,,,
,,,,,,,
,,,,,,,
,,,,,,,
,,,,,,,
,,,,,,,
,,,,,,,
,,,,,,,
,,,,,,,
,,,,,,,
,,,,,,,
,,,,,,,
,,,,,,,
,,,,,,,
,,,,,,,
,,,,,,,
,,,,,,,
,,,,,,,
,,,,,,,
,,,,,,,
,,,,,,,
,,,,,,,
,,,,,,,
,,,,,,,
,,,,,,,
,,,,,,,
,,,,,,,
,,,,,,,
,,,,,,,
,,,,,,,
,,,,,,,
,,,,,,,
,,,,,,,
,,,,,,,
,,,,,,,
,,,,,,,
,,,,,,,
,,,,,,,
,,,,,,,
,,,,,,,
,,,,,,,
,,,,,,,
,,,,,,,
,,,,,,,
,,,,,,,
,,,,,,,
,,,,,,,
,,,,,,,
