Mapcaster Snage [Fair],02-May-2020
Removal,Mass Removal,Land-Fixing,Artifact-Fixing,Walkers,Bounce,Counters,Disruption (hand)
Abrade,Damnation,Arid Mesa,Coalition Relic,Chandra| Acolyte of Flame,Brazen Borrower,Censor,Agonizing Remorse
Abrupt Decay,Day of Judgment,Bayou,Talisman of Conviction,Chandra| Flamecaller,Callous Dismissal,Condescend,Brain Maggot
Arc Lightning,Fiery Confluence,Blackcleave Cliffs,Talisman of Creativity,Chandra| Torch of Defiance,,Counterspell,Collective Brutality
Arc Trail,Parallax Wave,Blood Crypt,Talisman of Dominance,Dack Fayden,,Cryptic Command,Duress
Assassin's Trophy,Settle the Wreckage,Bloodstained Mire,Talisman of Hierarchy,Daretti| Ingenious Iconoclast,,Daze,Hymn to Tourach
Banishing Light,Subterranean Tremors,Breeding Pool,Talisman of Indulgence,Domri| Anarch of Bolas,,Force Spike,Inquisition of Kozilek
Bonecrusher Giant,Toxic Deluge,Celestial Colonnade,Talisman of Progress,Elspeth| Knight-Errant,,Force of Negation,Kitesail Freebooter
Burst Lightning,Wrath of God,City of Brass,,Elspeth| Sun's Champion,,Force of Will,Mesmeric Fiend
Cast Down,,Copperline Gorge,,Garruk Relentless,,Mana Leak,Thoughtseize
Chain Lightning,,Creeping Tar Pit,,Garruk Wildspeaker,,Mana Tithe,Vendilion Clique
Char,,Darkslick Shores,,Garruk| Primal Hunter,,Memory Lapse,
Control Magic,,Fiery Islet,,Gideon Blackblade,,Miscalculation,
Council's Judgment,,Flooded Strand,,Gideon Jura,,Mystic Confluence,
Declaration in Stone,,Gemstone Mine,,Gideon of the Trials,,Negate,
Dismember,,Godless Shrine,,Gideon| Ally of Zendikar,,Power Sink,
Doom Blade,,Hallowed Fountain,,Jace| Architect of Thought,,Remand,
Dreadbore,,Hissing Quagmire,,Jace| the Mind Sculptor,,Spell Pierce,
Fatal Push,,Horizon Canopy,,Karn| Scion of Urza,,Spell Queller,
Fire // Ice,,Lavaclaw Reaches,,Koth of the Hammer,,Thassa's Intervention,
Firebolt,,Lumbering Falls,,Liliana of the Veil,,,
Flames of the Firebrand,,Mana Confluence,,Liliana| the Last Hope,,,
Flametongue Kavu,,Marsh Flats,,Mu Yanling| Sky Dancer,,,
Fractured Identity,,Misty Rainforest,,Narset| Parter of Veils,,,
Glorybringer,,Needle Spires,,Nissa| Vital Force,,,
Go for the Throat,,Nurturing Peatland,,Nissa| Voice of Zendikar,,,
Grim Lavamancer,,Overgrown Tomb,,Nissa| Who Shakes the World,,,
Hero's Downfall,,Plateau,,Nissa| Worldwaker,,,
Hostage Taker,,Polluted Delta,,Oko| Thief of Crowns,,,
Incendiary Flow,,Prismatic Vista,,Saheeli| Sublime Artificer,,,
Incinerate,,Raging Ravine,,Sarkhan the Masterless,,,
Inferno Titan,,Sacred Foundry,,Sarkhan| the Dragonspeaker,,,
Journey to Nowhere,,Savannah,,Serra the Benevolent,,,
Lightning Bolt,,Scalding Tarn,,Teferi| Hero of Dominaria,,,
Lightning Strike,,Scrubland,,Teferi| Time Raveler,,,
Maelstrom Pulse,,Seachrome Coast,,Tezzeret| Artifice Master,,,
Magma Jet,,Shambling Vent,,The Royal Scions,,,
Murderous Rider,,Silent Clearing,,Vivien| Arkbow Ranger,,,
Never // Return,,Steam Vents,,Will Kenrith,,,
Oblivion Ring,,Stirring Wildwood,,Xenagos| the Reveler,,,
Palace Jailer,,Stomping Ground,,,,,
Path to Exile,,Sunbaked Canyon,,,,,
Plague Engineer,,Taiga,,,,,
Rolling Earthquake,,Temple Garden,,,,,
Ruinous Path,,Tropical Island,,,,,
Searing Spear,,Tundra,,,,,
Shatter the Sky,,Underground Sea,,,,,
Shriekmaw,,Verdant Catacombs,,,,,
Skinrender,,Volcanic Island,,,,,
Snuff Out,,Wandering Fumarole,,,,,
Sower of Temptation,,Waterlogged Grove,,,,,
Swords to Plowshares,,Watery Grave,,,,,
Terminate,,Windswept Heath,,,,,
Terror,,Wooded Foothills,,,,,
Treachery,,,,,,,
Ultimate Price,,,,,,,
Unexpectedly Absent,,,,,,,
Vindicate,,,,,,,
Voracious Hydra,,,,,,,
Walking Ballista,,,,,,,
Winds of Abandon,,,,,,,
,,,,,,,
,,,,,,,
,,,,,,,
,,,,,,,
,,,,,,,
,,,,,,,
,,,,,,,
,,,,,,,
,,,,,,,
,,,,,,,
,,,,,,,
,,,,,,,
,,,,,,,
,,,,,,,
,,,,,,,
,,,,,,,
,,,,,,,
,,,,,,,
,,,,,,,
,,,,,,,
,,,,,,,
,,,,,,,
,,,,,,,
,,,,,,,
,,,,,,,
,,,,,,,
,,,,,,,
,,,,,,,
,,,,,,,
,,,,,,,
,,,,,,,
,,,,,,,
,,,,,,,
,,,,,,,
,,,,,,,
,,,,,,,
,,,,,,,
,,,,,,,
,,,,,,,
,,,,,,,
,,,,,,,
,,,,,,,
,,,,,,,
,,,,,,,
,,,,,,,
,,,,,,,
,,,,,,,
,,,,,,,
,,,,,,,
,,,,,,,
,,,,,,,
,,,,,,,
,,,,,,,
,,,,,,,
,,,,,,,
,,,,,,,
,,,,,,,
,,,,,,,
,,,,,,,
,,,,,,,
,,,,,,,
,,,,,,,
,,,,,,,
,,,,,,,
,,,,,,,
,,,,,,,
,,,,,,,
,,,,,,,
,,,,,,,
,,,,,,,
,,,,,,,
,,,,,,,
,,,,,,,
,,,,,,,
,,,,,,,
,,,,,,,
,,,,,,,
,,,,,,,
,,,,,,,
,,,,,,,
,,,,,,,
,,,,,,,
,,,,,,,
,,,,,,,
,,,,,,,
,,,,,,,
,,,,,,,
,,,,,,,
,,,,,,,
,,,,,,,
