Mapcaster Snage [Vintage],24-Apr-2020
Removal,Mass Removal,Land-Fixing,Artifact-Fixing,Walkers,Bounce,Counters,Disruption (hand)
Abrade,Balance,Aether Hub,Azorius Signet,Ajani| Caller of the Pride,Brazen Borrower,Censor,Agonizing Remorse
Abrupt Decay,Comeuppance,Arid Mesa,Boros Signet,Ashiok| Nightmare Muse,Exclusion Mage,Condescend,Brain Maggot
Angel of Sanctions,Damnation,Ash Barrens,Chrome Mox,Ashiok| Nightmare Weaver,Man-o'-War,Counterspell,Collective Brutality
Anguished Unmaking,Day of Judgment,Bayou,Coalition Relic,Chandra| Acolyte of Flame,Upheaval,Cryptic Command,Duress
Arc Lightning,Dragonlord Atarka,Blackcleave Cliffs,Dimir Signet,Chandra| Awakened Inferno,Venser| Shaper Savant,Daze,Hymn to Tourach
Arc Trail,Fiery Confluence,Blood Crypt,Gilded Lotus,Chandra| Flamecaller,,Force Spike,Inquisition of Kozilek
Assassin's Trophy,Parallax Wave,Bloodstained Mire,Izzet Signet,Chandra| Torch of Defiance,,Force of Negation,Kitesail Freebooter
Banishing Light,Settle the Wreckage,Blooming Marsh,Mox Diamond,Dack Fayden,,Force of Will,Mesmeric Fiend
Bonecrusher Giant,Subterranean Tremors,Botanical Sanctum,Orzhov Signet,Daretti| Ingenious Iconoclast,,Glen Elendra Archmage,Mind Twist
Burst Lightning,Supreme Verdict,Breeding Pool,Rakdos Signet,Daretti| Scrap Savant,,Mana Drain,Thoughtseize
Cast Down,Toxic Deluge,Cascade Bluffs,Talisman of Conviction,Elspeth| Knight-Errant,,Mana Leak,Vendilion Clique
Cast Out,Wrath of God,Celestial Colonnade,Talisman of Creativity,Elspeth| Sun's Champion,,Mana Tithe,
Chain Lightning,,City of Brass,Talisman of Dominance,Elspeth| Sun's Nemesis,,Memory Lapse,
Char,,Concealed Courtyard,Talisman of Hierarchy,Garruk Relentless,,Miscalculation,
Control Magic,,Copperline Gorge,Talisman of Indulgence,Garruk Wildspeaker,,Mystic Confluence,
Council's Judgment,,Creeping Tar Pit,Talisman of Progress,Garruk| Primal Hunter,,Negate,
Declaration in Stone,,Darkslick Shores,,Gideon Blackblade,,Power Sink,
Dismember,,Fabled Passage,,Gideon Jura,,Remand,
Doom Blade,,Fiery Islet,,Gideon of the Trials,,Spell Pierce,
Dragonlord Silumgar,,Flooded Strand,,Gideon| Ally of Zendikar,,Spell Queller,
Dreadbore,,Gemstone Mine,,Jace| Architect of Thought,,Thassa's Intervention,
Fairgrounds Warden,,Godless Shrine,,Jace| the Mind Sculptor,,,
Fatal Push,,Grand Coliseum,,Karn Liberated,,,
Fire // Ice,,Hallowed Fountain,,Karn| Scion of Urza,,,
Fire Ambush,,Hissing Quagmire,,Koth of the Hammer,,,
Firebolt,,Horizon Canopy,,Liliana of the Veil,,,
Flames of the Firebrand,,Inspiring Vantage,,Liliana| Death's Majesty,,,
Flametongue Kavu,,Lavaclaw Reaches,,Liliana| the Last Hope,,,
Forked Bolt,,Lumbering Falls,,Mu Yanling| Sky Dancer,,,
Fractured Identity,,Mana Confluence,,Nahiri| the Harbinger,,,
Frenzied Fugue,,Marsh Flats,,Narset| Parter of Veils,,,
Galvanic Blast,,Misty Rainforest,,Nissa| Vital Force,,,
Glorybringer,,Needle Spires,,Nissa| Voice of Zendikar,,,
Go for the Throat,,Nurturing Peatland,,Nissa| Who Shakes the World,,,
Grasp of Fate,,Overgrown Tomb,,Nissa| Worldwaker,,,
Grim Lavamancer,,Plateau,,Ob Nixilis Reignited,,,
Hero's Downfall,,Polluted Delta,,Ob Nixilis of the Black Oath,,,
Hostage Taker,,Prismatic Vista,,Oko| Thief of Crowns,,,
Incendiary Flow,,Raging Ravine,,Saheeli| Sublime Artificer,,,
Incinerate,,Razorverge Thicket,,Saheeli| the Gifted,,,
Inferno Titan,,Sacred Foundry,,Sarkhan the Masterless,,,
Journey to Nowhere,,Savannah,,Sarkhan| the Dragonspeaker,,,
Lightning Bolt,,Scalding Tarn,,Serra the Benevolent,,,
Lightning Strike,,Scrubland,,Sorin| Lord of Innistrad,,,
Maelstrom Pulse,,Seachrome Coast,,Teferi| Hero of Dominaria,,,
Magma Jet,,Shambling Vent,,Teferi| Time Raveler,,,
Murderous Rider,,Silent Clearing,,Tezzeret| Artifice Master,,,
Never // Return,,Steam Vents,,Ugin| the Ineffable,,,
Oblivion Ring,,Stirring Wildwood,,Ugin| the Spirit Dragon,,,
Opposition,,Stomping Ground,,Vivien Reid,,,
Oust,,Sulfurous Springs,,Vivien| Arkbow Ranger,,,
Palace Jailer,,Sunbaked Canyon,,Vraska| Golgari Queen,,,
Path to Exile,,Taiga,,,,,
Plague Engineer,,Temple Garden,,,,,
Prison Realm,,Tropical Island,,,,,
Rolling Earthquake,,Tundra,,,,,
Ruinous Path,,Underground Sea,,,,,
Searing Spear,,Verdant Catacombs,,,,,
Shatter the Sky,,Volcanic Island,,,,,
Shock,,Wandering Fumarole,,,,,
Shriekmaw,,Waterlogged Grove,,,,,
Snuff Out,,Watery Grave,,,,,
Sower of Temptation,,Windswept Heath,,,,,
Swords to Plowshares,,Wooded Foothills,,,,,
Tarfire,,,,,,,
Terminate,,,,,,,
Terror,,,,,,,
Treachery,,,,,,,
Unexpectedly Absent,,,,,,,
Vindicate,,,,,,,
Volcanic Hammer,,,,,,,
Voracious Hydra,,,,,,,
Walking Ballista,,,,,,,
Wild Slash,,,,,,,
Winds of Abandon,,,,,,,
,,,,,,,
,,,,,,,
,,,,,,,
,,,,,,,
,,,,,,,
,,,,,,,
,,,,,,,
,,,,,,,
,,,,,,,
,,,,,,,
,,,,,,,
,,,,,,,
,,,,,,,
,,,,,,,
,,,,,,,
,,,,,,,
,,,,,,,
,,,,,,,
,,,,,,,
,,,,,,,
,,,,,,,
,,,,,,,
,,,,,,,
,,,,,,,
,,,,,,,
,,,,,,,
,,,,,,,
,,,,,,,
,,,,,,,
,,,,,,,
,,,,,,,
,,,,,,,
,,,,,,,
,,,,,,,
,,,,,,,
,,,,,,,
,,,,,,,
,,,,,,,
,,,,,,,
,,,,,,,
,,,,,,,
,,,,,,,
,,,,,,,
,,,,,,,
,,,,,,,
,,,,,,,
,,,,,,,
,,,,,,,
,,,,,,,
,,,,,,,
,,,,,,,
,,,,,,,
,,,,,,,
,,,,,,,
,,,,,,,
,,,,,,,
,,,,,,,
,,,,,,,
,,,,,,,
,,,,,,,
,,,,,,,
,,,,,,,
,,,,,,,
,,,,,,,
,,,,,,,
,,,,,,,
,,,,,,,
,,,,,,,
,,,,,,,
,,,,,,,
,,,,,,,
,,,,,,,
,,,,,,,
,,,,,,,
,,,,,,,
