schweinefett,02-May-2020
Removal,Mass Removal,Land-Fixing,Artifact-Fixing,Walkers,Bounce,Counters,Disruption (hand)
Arc Lightning,Balance,Arid Mesa,Mox Diamond,,Boomerang,Counterspell,Hymn to Tourach
Ashes to Ashes,Cataclysm,Bayou,,,Capsize,Forbid,Mind Twist
Bone Shredder,Catastrophe,Bayou,,,Evacuation,Force of Will,
Chain Lightning,Disorder,Bayou,,,Man-o'-War,Mana Drain,
Chaos Orb,Pestilence,City of Brass,,,,Memory Lapse,
Control Magic,Powder Keg,Flooded Strand,,,,,
Disintegrate,Wrath of God,Gemstone Mine,,,,,
Fireblast,,Marsh Flats,,,,,
Hurricane,,Misty Rainforest,,,,,
Incinerate,,Plateau,,,,,
Lightning Bolt,,Plateau,,,,,
Mind Over Matter,,Plateau,,,,,
Pox,,Polluted Delta,,,,,
Rolling Thunder,,Reflecting Pool,,,,,
Seal of Fire,,Savannah,,,,,
Swords to Plowshares,,Savannah,,,,,
Tariff,,Savannah,,,,,
Terror,,Scalding Tarn,,,,,
The Abyss,,Scrubland,,,,,
Triskelion,,Scrubland,,,,,
,,Scrubland,,,,,
,,Taiga,,,,,
,,Taiga,,,,,
,,Taiga,,,,,
,,Tropical Island,,,,,
,,Tropical Island,,,,,
,,Tropical Island,,,,,
,,Tundra,,,,,
,,Tundra,,,,,
,,Tundra,,,,,
,,Underground Sea,,,,,
,,Underground Sea,,,,,
,,Verdant Catacombs,,,,,
,,Volcanic Island,,,,,
,,Volcanic Island,,,,,
,,Windswept Heath,,,,,
,,Wooded Foothills,,,,,
,,,,,,,
,,,,,,,
,,,,,,,
,,,,,,,
,,,,,,,
,,,,,,,
,,,,,,,
,,,,,,,
,,,,,,,
,,,,,,,
,,,,,,,
,,,,,,,
,,,,,,,
,,,,,,,
,,,,,,,
,,,,,,,
,,,,,,,
,,,,,,,
,,,,,,,
,,,,,,,
,,,,,,,
,,,,,,,
,,,,,,,
,,,,,,,
,,,,,,,
,,,,,,,
,,,,,,,
,,,,,,,
,,,,,,,
,,,,,,,
,,,,,,,
,,,,,,,
,,,,,,,
,,,,,,,
,,,,,,,
,,,,,,,
,,,,,,,
,,,,,,,
,,,,,,,
,,,,,,,
,,,,,,,
,,,,,,,
,,,,,,,
,,,,,,,
,,,,,,,
,,,,,,,
,,,,,,,
,,,,,,,
,,,,,,,
,,,,,,,
,,,,,,,
,,,,,,,
,,,,,,,
,,,,,,,
,,,,,,,
,,,,,,,
,,,,,,,
,,,,,,,
,,,,,,,
,,,,,,,
,,,,,,,
,,,,,,,
,,,,,,,
,,,,,,,
,,,,,,,
,,,,,,,
,,,,,,,
,,,,,,,
,,,,,,,
,,,,,,,
,,,,,,,
,,,,,,,
,,,,,,,
,,,,,,,
,,,,,,,
,,,,,,,
,,,,,,,
,,,,,,,
,,,,,,,
,,,,,,,
,,,,,,,
,,,,,,,
,,,,,,,
,,,,,,,
,,,,,,,
,,,,,,,
,,,,,,,
,,,,,,,
,,,,,,,
,,,,,,,
,,,,,,,
,,,,,,,
,,,,,,,
,,,,,,,
,,,,,,,
,,,,,,,
,,,,,,,
,,,,,,,
,,,,,,,
,,,,,,,
,,,,,,,
,,,,,,,
,,,,,,,
,,,,,,,
,,,,,,,
,,,,,,,
,,,,,,,
,,,,,,,
,,,,,,,
,,,,,,,
,,,,,,,
,,,,,,,
,,,,,,,
