steve_ice,01-May-2020
Removal,Mass Removal,Land-Fixing,Artifact-Fixing,Walkers,Bounce,Counters,Disruption (hand)
Abrade,Blast Zone,Arid Mesa,Azorius Signet,Arlinn Kord,Brazen Borrower,Condescend,Agonizing Remorse
Angel of Sanctions,Damnation,Arid Mesa,Coalition Relic,Ashiok| Nightmare Muse,Callous Dismissal,Counterspell,Collective Brutality
Arc Trail,Day of Judgment,Bayou,Talisman of Creativity,Chandra| Flamecaller,Venser| Shaper Savant,Cryptic Command,Duress
Assassin's Trophy,Fiery Confluence,Blood Crypt,Talisman of Curiosity,Chandra| Torch of Defiance,,Daze,Hymn to Tourach
Banishing Light,Parallax Wave,Bloodstained Mire,Talisman of Dominance,Elspeth| Knight-Errant,,Force of Negation,Inquisition of Kozilek
Bonecrusher Giant,Pyroclasm,Bloodstained Mire,Talisman of Progress,Elspeth| Sun's Champion,,Force of Will,Kitesail Freebooter
Burst Lightning,Slagstorm,Breeding Pool,,Elspeth| Sun's Nemesis,,Mana Leak,Thoughtseize
Cast Down,Sweltering Suns,Celestial Colonnade,,Garruk Relentless,,Miscalculation,Vendilion Clique
Chain Lightning,Toxic Deluge,City of Brass,,Garruk Wildspeaker,,Mystic Confluence,
Control Magic,Wrath of God,Creeping Tar Pit,,Garruk| Cursed Huntsman,,Negate,
Council's Judgment,,Fabled Passage,,Garruk| Primal Hunter,,Quench,
Custodi Lich,,Fiery Islet,,Gideon Blackblade,,Remand,
Dismember,,Flooded Strand,,Gideon Jura,,Rune Snag,
Doom Blade,,Flooded Strand,,Gideon of the Trials,,Supreme Will,
Dreadbore,,Godless Shrine,,Gideon| Ally of Zendikar,,Thassa's Intervention,
Fatal Push,,Gold Mine,,Jace| Architect of Thought,,,
Firebolt,,Grand Coliseum,,Jace| Memory Adept,,,
Flames of the Firebrand,,Hallowed Fountain,,Jace| the Mind Sculptor,,,
Flametongue Kavu,,Horizon Canopy,,Koth of the Hammer,,,
Forked Bolt,,Mana Confluence,,Liliana of the Veil,,,
Fractured Identity,,Marsh Flats,,Liliana| the Last Hope,,,
Glorybringer,,Marsh Flats,,Mu Yanling| Sky Dancer,,,
Go for the Throat,,Misty Rainforest,,Nissa| Vital Force,,,
Goblin Cratermaker,,Misty Rainforest,,Nissa| Voice of Zendikar,,,
Grim Lavamancer,,Nurturing Peatland,,Nissa| Who Shakes the World,,,
Hero's Downfall,,Overgrown Tomb,,Nissa| Worldwaker,,,
Incendiary Flow,,Plateau,,Ob Nixilis of the Black Oath,,,
Incinerate,,Polluted Delta,,Oko| Thief of Crowns,,,
Izzet Charm,,Polluted Delta,,Sarkhan| the Dragonspeaker,,,
Journey to Nowhere,,Prismatic Vista,,Serra the Benevolent,,,
Lightning Bolt,,Raging Ravine,,Sorin| Lord of Innistrad,,,
Lightning Helix,,Sacred Foundry,,Teferi| Hero of Dominaria,,,
Lightning Strike,,Savannah,,Teferi| Time Raveler,,,
Magma Jet,,Scalding Tarn,,The Royal Scions,,,
Murderous Rider,,Scalding Tarn,,Will Kenrith,,,
Oblivion Ring,,Scrubland,,Xenagos| the Reveler,,,
On Thin Ice,,Silent Clearing,,,,,
Palace Jailer,,Steam Vents,,,,,
Path to Exile,,Stomping Ground,,,,,
Purphoros's Intervention,,Sulfurous Springs,,,,,
Searing Spear,,Sunbaked Canyon,,,,,
Shatter the Sky,,Taiga,,,,,
Shock,,Temple Garden,,,,,
Shriekmaw,,Tropical Island,,,,,
Snuff Out,,Tundra,,,,,
Song of the Dryads,,Underground Sea,,,,,
Sower of Temptation,,Verdant Catacombs,,,,,
Swords to Plowshares,,Verdant Catacombs,,,,,
Treachery,,Volcanic Island,,,,,
Ultimate Price,,Waterlogged Grove,,,,,
Unexpectedly Absent,,Watery Grave,,,,,
Vindicate,,Windswept Heath,,,,,
Voracious Hydra,,Windswept Heath,,,,,
Walking Ballista,,Wooded Foothills,,,,,
Wicked Wolf,,Wooded Foothills,,,,,
Winds of Abandon,,,,,,,
,,,,,,,
,,,,,,,
,,,,,,,
,,,,,,,
,,,,,,,
,,,,,,,
,,,,,,,
,,,,,,,
,,,,,,,
,,,,,,,
,,,,,,,
,,,,,,,
,,,,,,,
,,,,,,,
,,,,,,,
,,,,,,,
,,,,,,,
,,,,,,,
,,,,,,,
,,,,,,,
,,,,,,,
,,,,,,,
,,,,,,,
,,,,,,,
,,,,,,,
,,,,,,,
,,,,,,,
,,,,,,,
,,,,,,,
,,,,,,,
,,,,,,,
,,,,,,,
,,,,,,,
,,,,,,,
,,,,,,,
,,,,,,,
,,,,,,,
,,,,,,,
,,,,,,,
,,,,,,,
,,,,,,,
,,,,,,,
,,,,,,,
,,,,,,,
,,,,,,,
,,,,,,,
,,,,,,,
,,,,,,,
,,,,,,,
,,,,,,,
,,,,,,,
,,,,,,,
,,,,,,,
,,,,,,,
,,,,,,,
,,,,,,,
,,,,,,,
,,,,,,,
,,,,,,,
,,,,,,,
,,,,,,,
,,,,,,,
,,,,,,,
,,,,,,,
,,,,,,,
,,,,,,,
,,,,,,,
,,,,,,,
,,,,,,,
,,,,,,,
,,,,,,,
,,,,,,,
,,,,,,,
,,,,,,,
,,,,,,,
,,,,,,,
,,,,,,,
,,,,,,,
,,,,,,,
,,,,,,,
,,,,,,,
,,,,,,,
,,,,,,,
,,,,,,,
,,,,,,,
,,,,,,,
,,,,,,,
,,,,,,,
,,,,,,,
,,,,,,,
,,,,,,,
,,,,,,,
,,,,,,,
,,,,,,,
