Strider212,02-May-2020
Removal,Mass Removal,Land-Fixing,Artifact-Fixing,Walkers,Bounce,Counters,Disruption (hand)
Abrade,Anger of the Gods,Adarkar Wastes,Chromatic Lantern,Ajani Vengeant,Brazen Borrower,Arcane Denial,Collective Brutality
Angel of Sanctions,Blast Zone,Arid Mesa,Coalition Relic,Ajani| Mentor of Heroes,Cyclonic Rift,Censor,Divest
Arc Trail,Catastrophe,Ash Barrens,Coldsteel Heart,Chandra| Acolyte of Flame,Exclusion Mage,Counterspell,Duress
Assassin's Trophy,Damnation,Battlefield Forge,Gilded Lotus,Chandra| Torch of Defiance,Far // Away,Cryptic Command,Gild
Banishing Light,Day of Judgment,Blackcleave Cliffs,,Dack Fayden,Into the Roil,Daze,Kitesail Freebooter
Beast Within,Dragonlord Atarka,Blood Crypt,,Daretti| Ingenious Iconoclast,Reflector Mage,Disallow,Thoughtseize
Bonecrusher Giant,Fiery Confluence,Bloodstained Mire,,Daretti| Scrap Savant,Upheaval,Force Spike,Vendilion Clique
Cast Down,Fumigate,Blooming Marsh,,Elspeth| Knight-Errant,Venser| Shaper Savant,Glen Elendra Archmage,
Cast Out,Nevinyrral's Disk,Botanical Sanctum,,Garruk Relentless,,Mana Leak,
Char,Parallax Wave,Breeding Pool,,Garruk Wildspeaker,,Memory Lapse,
Collective Defiance,Ratchet Bomb,Brushland,,Gideon of the Trials,,Miscalculation,
Commit // Memory,Settle the Wreckage,Canyon Slough,,Gideon| Ally of Zendikar,,Remand,
Custodi Lich,Sweltering Suns,Caves of Koilos,,Jace Beleren,,Thassa's Intervention,
Declaration in Stone,Terminus,Celestial Colonnade,,Karn| Scion of Urza,,,
Dreadbore,Toxic Deluge,City of Brass,,Kaya| Ghost Assassin,,,
Electrodominance,,Concealed Courtyard,,Koth of the Hammer,,,
Flames of the Firebrand,,Copperline Gorge,,Liliana of the Veil,,,
Flametongue Kavu,,Creeping Tar Pit,,Liliana| Death's Majesty,,,
Go for the Throat,,Darkslick Shores,,Liliana| the Last Hope,,,
Goblin Cratermaker,,Fabled Passage,,Nicol Bolas| God-Pharaoh,,,
Grim Lavamancer,,Fetid Pools,,Nissa| Voice of Zendikar,,,
Hero's Downfall,,Fiery Islet,,Saheeli| Sublime Artificer,,,
Hostage Taker,,Flooded Strand,,Tezzeret| Agent of Bolas,,,
Incinerate,,Godless Shrine,,Tezzeret| Artifice Master,,,
Inferno Titan,,Hallowed Fountain,,Ugin| the Spirit Dragon,,,
Izzet Charm,,Hissing Quagmire,,Venser| the Sojourner,,,
Journey to Nowhere,,Inspiring Vantage,,Vraska| Relic Seeker,,,
Lightning Bolt,,Irrigated Farmland,,Will Kenrith,,,
Lightning Helix,,Karplusan Forest,,Wrenn and Six,,,
Lightning Strike,,Lavaclaw Reaches,,Xenagos| the Reveler,,,
Liliana's Triumph,,Llanowar Wastes,,,,,
Maelstrom Pulse,,Lumbering Falls,,,,,
Magma Jet,,Mana Confluence,,,,,
Mizzium Mortars,,Marsh Flats,,,,,
Murderous Rider,,Misty Rainforest,,,,,
Never // Return,,Needle Spires,,,,,
Noxious Gearhulk,,Nurturing Peatland,,,,,
Oblivion Ring,,Overgrown Tomb,,,,,
Path to Exile,,Polluted Delta,,,,,
Pillar of Flame,,Prismatic Vista,,,,,
Searing Spear,,Raging Ravine,,,,,
Shock,,Razorverge Thicket,,,,,
Shriekmaw,,Reflecting Pool,,,,,
Song of the Dryads,,Sacred Foundry,,,,,
Sower of Temptation,,Scalding Tarn,,,,,
Swords to Plowshares,,Scattered Groves,,,,,
Tragic Slip,,Seachrome Coast,,,,,
Ultimate Price,,Shambling Vent,,,,,
Unexpectedly Absent,,Sheltered Thicket,,,,,
Vedalken Shackles,,Shivan Reef,,,,,
Vindicate,,Silent Clearing,,,,,
Voracious Hydra,,Spirebluff Canal,,,,,
Walking Ballista,,Steam Vents,,,,,
Winds of Abandon,,Stirring Wildwood,,,,,
,,Stomping Ground,,,,,
,,Sulfurous Springs,,,,,
,,Sunbaked Canyon,,,,,
,,Temple Garden,,,,,
,,Underground River,,,,,
,,Verdant Catacombs,,,,,
,,Wandering Fumarole,,,,,
,,Waterlogged Grove,,,,,
,,Watery Grave,,,,,
,,Windswept Heath,,,,,
,,Wooded Foothills,,,,,
,,Yavimaya Coast,,,,,
,,,,,,,
,,,,,,,
,,,,,,,
,,,,,,,
,,,,,,,
,,,,,,,
,,,,,,,
,,,,,,,
,,,,,,,
,,,,,,,
,,,,,,,
,,,,,,,
,,,,,,,
,,,,,,,
,,,,,,,
,,,,,,,
,,,,,,,
,,,,,,,
,,,,,,,
,,,,,,,
,,,,,,,
,,,,,,,
,,,,,,,
,,,,,,,
,,,,,,,
,,,,,,,
,,,,,,,
,,,,,,,
,,,,,,,
,,,,,,,
,,,,,,,
,,,,,,,
,,,,,,,
,,,,,,,
,,,,,,,
,,,,,,,
,,,,,,,
,,,,,,,
,,,,,,,
,,,,,,,
,,,,,,,
,,,,,,,
,,,,,,,
,,,,,,,
,,,,,,,
,,,,,,,
,,,,,,,
,,,,,,,
,,,,,,,
,,,,,,,
,,,,,,,
,,,,,,,
,,,,,,,
,,,,,,,
,,,,,,,
,,,,,,,
,,,,,,,
,,,,,,,
,,,,,,,
,,,,,,,
,,,,,,,
,,,,,,,
,,,,,,,
,,,,,,,
,,,,,,,
,,,,,,,
,,,,,,,
,,,,,,,
,,,,,,,
,,,,,,,
,,,,,,,
,,,,,,,
,,,,,,,
,,,,,,,
,,,,,,,
,,,,,,,
,,,,,,,
,,,,,,,
,,,,,,,
,,,,,,,
,,,,,,,
,,,,,,,
,,,,,,,
,,,,,,,
