strictlycheese,02-May-2020
Removal,Mass Removal,Land-Fixing,Artifact-Fixing,Walkers,Bounce,Counters,Disruption (hand)
Abrade,Balance,Arid Mesa,Chrome Mox,Ajani Vengeant,Cyclonic Rift,Condescend,Duress
Abrupt Decay,Blast Zone,Ash Barrens,Coalition Relic,Ashiok| Nightmare Weaver,Exclusion Mage,Counterspell,Hymn to Tourach
Attrition,Burning of Xinye,Battlefield Forge,Coldsteel Heart,Chandra| Flamecaller,Into the Roil,Cryptic Command,Inquisition of Kozilek
Banishing Light,Damnation,Blackcleave Cliffs,Fellwar Stone,Chandra| Torch of Defiance,Man-o'-War,Daze,Thoughtseize
Beast Within,Day of Judgment,Blood Crypt,Gilded Lotus,Dack Fayden,Reflector Mage,Force Spike,Vendilion Clique
Blast from the Past,Dragonlord Atarka,Bloodstained Mire,Prismatic Lens,Daretti| Ingenious Iconoclast,Upheaval,Glen Elendra Archmage,
Burst Lightning,Fiery Confluence,Breeding Pool,,Elspeth| Knight-Errant,Venser| Shaper Savant,Mana Leak,
Cast Down,Parallax Wave,Celestial Colonnade,,Elspeth| Sun's Champion,,Mana Tithe,
Chain Lightning,Pernicious Deed,City of Ass,,Garruk Relentless,,Memory Lapse,
Chainer's Edict,Terminus,City of Brass,,Garruk Wildspeaker,,Miscalculation,
Control Magic,Toxic Deluge,Copperline Gorge,,Gideon| Ally of Zendikar,,Mystic Confluence,
Council's Judgment,Wrath of God,Creeping Tar Pit,,Jace| the Mind Sculptor,,Remand,
Dismember,Wretched Confluence,Evolving Wilds,,Liliana of the Veil,,Spell Queller,
Doom Blade,,Fabled Passage,,Mu Yanling| Sky Dancer,,Supreme Will,
Dragonlord Silumgar,,Fetid Heath,,Narset| Parter of Veils,,,
Electrolyze,,Fetid Pools,,Nicol Bolas| God-Pharaoh,,,
Faith's Fetters,,Fiery Islet,,Nissa| Steward of Elements,,,
Fireblast,,Flooded Strand,,Nissa| Vital Force,,,
Firebolt,,Godless Shrine,,Nissa| Voice of Zendikar,,,
Flame Slash,,Grand Coliseum,,Saheeli| Sublime Artificer,,,
Flametongue Kavu,,Hallowed Fountain,,Teferi| Time Raveler,,,
Fractured Identity,,Hissing Quagmire,,Ugin| the Spirit Dragon,,,
Go for the Throat,,Irrigated Farmland,,Vraska| Relic Seeker,,,
Goblin Cratermaker,,Lumbering Falls,,Xenagos| the Reveler,,,
Grim Lavamancer,,Mana Confluence,,,,,
Hero's Downfall,,Marsh Flats,,,,,
Hostage Taker,,Misty Rainforest,,,,,
Inferno Titan,,Nurturing Peatland,,,,,
Izzet Charm,,Overgrown Tomb,,,,,
Lightning Bolt,,Polluted Delta,,,,,
Lightning Helix,,Prismatic Vista,,,,,
Magma Jet,,Raging Ravine,,,,,
Murderous Redcap,,Razorverge Thicket,,,,,
Oblivion Ring,,Reflecting Pool,,,,,
Opposition,,Sacred Foundry,,,,,
Path to Exile,,Scalding Tarn,,,,,
Plague Engineer,,Shivan Reef,,,,,
Ravenous Chupacabra,,Silent Clearing,,,,,
Rift Bolt,,Steam Vents,,,,,
Rolling Earthquake,,Stomping Ground,,,,,
Searing Blaze,,Sunbaked Canyon,,,,,
Shriekmaw,,Sunpetal Grove,,,,,
Skinrender,,Temple Garden,,,,,
Song of the Dryads,,Terramorphic Expanse,,,,,
Sower of Temptation,,Verdant Catacombs,,,,,
Staggershock,,Waterlogged Grove,,,,,
Stoke the Flames,,Watery Grave,,,,,
Swords to Plowshares,,Windswept Heath,,,,,
Treachery,,Wooded Foothills,,,,,
Vedalken Shackles,,,,,,,
Vindicate,,,,,,,
Voracious Hydra,,,,,,,
Winds of Abandon,,,,,,,
,,,,,,,
,,,,,,,
,,,,,,,
,,,,,,,
,,,,,,,
,,,,,,,
,,,,,,,
,,,,,,,
,,,,,,,
,,,,,,,
,,,,,,,
,,,,,,,
,,,,,,,
,,,,,,,
,,,,,,,
,,,,,,,
,,,,,,,
,,,,,,,
,,,,,,,
,,,,,,,
,,,,,,,
,,,,,,,
,,,,,,,
,,,,,,,
,,,,,,,
,,,,,,,
,,,,,,,
,,,,,,,
,,,,,,,
,,,,,,,
,,,,,,,
,,,,,,,
,,,,,,,
,,,,,,,
,,,,,,,
,,,,,,,
,,,,,,,
,,,,,,,
,,,,,,,
,,,,,,,
,,,,,,,
,,,,,,,
,,,,,,,
,,,,,,,
,,,,,,,
,,,,,,,
,,,,,,,
,,,,,,,
,,,,,,,
,,,,,,,
,,,,,,,
,,,,,,,
,,,,,,,
,,,,,,,
,,,,,,,
,,,,,,,
,,,,,,,
,,,,,,,
,,,,,,,
,,,,,,,
,,,,,,,
,,,,,,,
,,,,,,,
,,,,,,,
,,,,,,,
,,,,,,,
,,,,,,,
,,,,,,,
,,,,,,,
,,,,,,,
,,,,,,,
,,,,,,,
,,,,,,,
,,,,,,,
,,,,,,,
,,,,,,,
,,,,,,,
,,,,,,,
,,,,,,,
,,,,,,,
,,,,,,,
,,,,,,,
,,,,,,,
,,,,,,,
,,,,,,,
,,,,,,,
,,,,,,,
,,,,,,,
,,,,,,,
,,,,,,,
,,,,,,,
,,,,,,,
,,,,,,,
,,,,,,,
,,,,,,,
,,,,,,,
,,,,,,,
