suri,01-May-2020
Removal,Mass Removal,Land-Fixing,Artifact-Fixing,Walkers,Bounce,Counters,Disruption (hand)
Abrade,Cataclysmic Gearhulk,Arcane Sanctum,Chromatic Lantern,Ajani| the Greathearted,Aetherize,Counterspell,Collective Brutality
Anguished Unmaking,Nevinyrral's Disk,Azorius Chancery,Coldsteel Heart,Angrath| the Flame-Chained,Blink of an Eye,Logic Knot,Kitesail Freebooter
Ashes to Ashes,Night Incarnate,Boros Garrison,Fellwar Stone,Daretti| Ingenious Iconoclast,Crush of Tentacles,Mana Leak,Thought Erasure
Assassin's Trophy,Slaughter the Strong,Cave of Temptation,Gilded Lotus,Domri| Anarch of Bolas,Devastation Tide,Power Sink,
Beast Within,Time Wipe,Clifftop Retreat,Prismatic Lens,Sorin| Vengeful Bloodlord,Five-Finger Discount,Supreme Will,
Blessed Alliance,Wrath of God,Crumbling Necropolis,,Tamiyo| the Moon Sage,Man-o'-War,,
Bonecrusher Giant,,Dimir Aqueduct,,The Royal Scions,Reflector Mage,,
Burn Away,,Dragonskull Summit,,Ugin| the Ineffable,,,
Cavalier of Night,,Drowned Catacomb,,Vraska| Golgari Queen,,,
Claustrophobia,,Exotic Orchard,,,,,
Clear Shot,,Fabled Passage,,,,,
Conclave Tribunal,,Frontier Bivouac,,,,,
Electrolyze,,Glacial Fortress,,,,,
Fissure,,Golgari Rot Farm,,,,,
Flame Slash,,Grand Coliseum,,,,,
Flametongue Kavu,,Gruul Turf,,,,,
Go for the Throat,,Hinterland Harbor,,,,,
Goblin Cratermaker,,Isolated Chapel,,,,,
Hero's Downfall,,Izzet Boilerworks,,,,,
Inferno Titan,,Jungle Shrine,,,,,
Lightning Axe,,Mystic Monastery,,,,,
Lightning Blast,,Nomad Outpost,,,,,
Lightning Bolt,,Opulent Palace,,,,,
Lightning Helix,,Orzhov Basilica,,,,,
Liliana's Triumph,,Paliano| the High City,,,,,
Meteor Golem,,Prismatic Vista,,,,,
Mob,,Rakdos Carnarium,,,,,
Murderous Rider,,Reflecting Pool,,,,,
Noxious Gearhulk,,Rootbound Crag,,,,,
Path to Exile,,Sandsteppe Citadel,,,,,
Price of Fame,,Savage Lands,,,,,
Ravager Wurm,,Seaside Citadel,,,,,
Savage Swipe,,Selesnya Sanctuary,,,,,
Swords to Plowshares,,Simic Growth Chamber,,,,,
Terror,,Sulfur Falls,,,,,
Tragic Slip,,Sunpetal Grove,,,,,
Ultimate Price,,Woodland Cemetery,,,,,
Unexpectedly Absent,,,,,,,
Valorous Stance,,,,,,,
Voracious Hydra,,,,,,,
Winds of Abandon,,,,,,,
,,,,,,,
,,,,,,,
,,,,,,,
,,,,,,,
,,,,,,,
,,,,,,,
,,,,,,,
,,,,,,,
,,,,,,,
,,,,,,,
,,,,,,,
,,,,,,,
,,,,,,,
,,,,,,,
,,,,,,,
,,,,,,,
,,,,,,,
,,,,,,,
,,,,,,,
,,,,,,,
,,,,,,,
,,,,,,,
,,,,,,,
,,,,,,,
,,,,,,,
,,,,,,,
,,,,,,,
,,,,,,,
,,,,,,,
,,,,,,,
,,,,,,,
,,,,,,,
,,,,,,,
,,,,,,,
,,,,,,,
,,,,,,,
,,,,,,,
,,,,,,,
,,,,,,,
,,,,,,,
,,,,,,,
,,,,,,,
,,,,,,,
,,,,,,,
,,,,,,,
,,,,,,,
,,,,,,,
,,,,,,,
,,,,,,,
,,,,,,,
,,,,,,,
,,,,,,,
,,,,,,,
,,,,,,,
,,,,,,,
,,,,,,,
,,,,,,,
,,,,,,,
,,,,,,,
,,,,,,,
,,,,,,,
,,,,,,,
,,,,,,,
,,,,,,,
,,,,,,,
,,,,,,,
,,,,,,,
,,,,,,,
,,,,,,,
,,,,,,,
,,,,,,,
,,,,,,,
,,,,,,,
,,,,,,,
,,,,,,,
,,,,,,,
,,,,,,,
,,,,,,,
,,,,,,,
,,,,,,,
,,,,,,,
,,,,,,,
,,,,,,,
,,,,,,,
,,,,,,,
,,,,,,,
,,,,,,,
,,,,,,,
,,,,,,,
,,,,,,,
,,,,,,,
,,,,,,,
,,,,,,,
,,,,,,,
,,,,,,,
,,,,,,,
,,,,,,,
,,,,,,,
,,,,,,,
,,,,,,,
,,,,,,,
,,,,,,,
,,,,,,,
,,,,,,,
,,,,,,,
,,,,,,,
,,,,,,,
,,,,,,,
,,,,,,,
