The_Steve_Man,24-Apr-2020
Removal,Mass Removal,Land-Fixing,Artifact-Fixing,Walkers,Bounce,Counters,Disruption (hand)
Abrade,Balance,Arid Mesa,Chrome Mox,Ajani Vengeant,Man-o'-War,Arcane Denial,Agonizing Remorse
Abrupt Decay,Blast Zone,Ash Barrens,Coalition Relic,Chandra| Acolyte of Flame,Upheaval,Condescend,Duress
Anguished Unmaking,Burning of Xinye,Bayou,Coldsteel Heart,Chandra| Awakened Inferno,Venser| Shaper Savant,Counterspell,Hymn to Tourach
Arc Lightning,Catastrophe,Blood Crypt,Fellwar Stone,Chandra| Flamecaller,,Cryptic Command,Inquisition of Kozilek
Arc Trail,Damnation,Bloodstained Mire,Mox Diamond,Chandra| Torch of Defiance,,Daze,Kitesail Freebooter
Assassin's Trophy,Day of Judgment,Breeding Pool,Talisman of Conviction,Dack Fayden,,Forbid,Mind Twist
Banishing Light,Dragonlord Atarka,Celestial Colonnade,Talisman of Creativity,Daretti| Ingenious Iconoclast,,Force Spike,Thoughtseize
Burst Lightning,Engineered Explosives,City of Brass,Talisman of Curiosity,Elspeth| Knight-Errant,,Force of Negation,Vendilion Clique
Cast Down,Fiery Confluence,Creeping Tar Pit,Talisman of Dominance,Elspeth| Sun's Champion,,Force of Will,
Chain Lightning,Languish,Evolving Wilds,Talisman of Hierarchy,Elspeth| Sun's Nemesis,,Glen Elendra Archmage,
Char,Parallax Wave,Fabled Passage,Talisman of Impulse,Garruk Relentless,,Mana Leak,
Control Magic,Subterranean Tremors,Fetid Pools,Talisman of Indulgence,Garruk Wildspeaker,,Mana Tithe,
Council's Judgment,Toxic Deluge,Fiery Islet,Talisman of Progress,Gideon Blackblade,,Memory Lapse,
Custodi Lich,Wrath of God,Flooded Strand,Talisman of Resilience,Gideon Jura,,Miscalculation,
Declaration in Stone,,Gemstone Mine,Talisman of Unity,Gideon of the Trials,,Mystic Confluence,
Dismember,,Godless Shrine,,Gideon| Ally of Zendikar,,Remand,
Dreadbore,,Grand Coliseum,,Jace Beleren,,Spell Pierce,
Earthquake,,Hallowed Fountain,,Jace| the Mind Sculptor,,Supreme Will,
Fatal Push,,Hissing Quagmire,,Karn Liberated,,,
Fire // Ice,,Horizon Canopy,,Karn| Scion of Urza,,,
Fireblast,,Irrigated Farmland,,Koth of the Hammer,,,
Firebolt,,Karplusan Forest,,Liliana of the Veil,,,
Flames of the Firebrand,,Lavaclaw Reaches,,Liliana| Death's Majesty,,,
Flametongue Kavu,,Lumbering Falls,,Liliana| the Last Hope,,,
Fractured Identity,,Mana Confluence,,Mu Yanling| Sky Dancer,,,
Frenzied Fugue,,Marsh Flats,,Narset| Parter of Veils,,,
Go for the Throat,,Misty Rainforest,,Nissa| Steward of Elements,,,
Goblin Cratermaker,,Needle Spires,,Nissa| Voice of Zendikar,,,
Grim Lavamancer,,Nurturing Peatland,,Nissa| Who Shakes the World,,,
Hero's Downfall,,Overgrown Tomb,,Nissa| Worldwaker,,,
Hostage Taker,,Plateau,,Oko| Thief of Crowns,,,
Imprisoned in the Moon,,Polluted Delta,,Saheeli| the Gifted,,,
Incinerate,,Prismatic Vista,,Sarkhan| the Dragonspeaker,,,
Inferno Titan,,Raging Ravine,,Serra the Benevolent,,,
Izzet Charm,,Sacred Foundry,,Sorin| Lord of Innistrad,,,
Journey to Nowhere,,Savannah,,Teferi| Hero of Dominaria,,,
Lightning Bolt,,Scalding Tarn,,Teferi| Time Raveler,,,
Lightning Helix,,Scrubland,,Tezzeret| Artifice Master,,,
Lightning Strike,,Shambling Vent,,Ugin| the Ineffable,,,
Liliana's Triumph,,Silent Clearing,,Ugin| the Spirit Dragon,,,
Maelstrom Pulse,,Steam Vents,,Vraska| Golgari Queen,,,
Magma Jet,,Stirring Wildwood,,Wrenn and Six,,,
Nekrataal,,Stomping Ground,,Xenagos| the Reveler,,,
Never // Return,,Sulfurous Springs,,,,,
Oblivion Ring,,Sunbaked Canyon,,,,,
Opposition,,Taiga,,,,,
Palace Jailer,,Temple Garden,,,,,
Path to Exile,,Terramorphic Expanse,,,,,
Plague Engineer,,Tropical Island,,,,,
Purphoros's Intervention,,Tundra,,,,,
Ravenous Chupacabra,,Underground Sea,,,,,
Rolling Earthquake,,Verdant Catacombs,,,,,
Searing Spear,,Volcanic Island,,,,,
Shatter the Sky,,Wandering Fumarole,,,,,
Shriekmaw,,Waterlogged Grove,,,,,
Skinrender,,Watery Grave,,,,,
Snuff Out,,Windswept Heath,,,,,
Sower of Temptation,,Wooded Foothills,,,,,
Swords to Plowshares,,,,,,,
Treachery,,,,,,,
Unexpectedly Absent,,,,,,,
Vedalken Shackles,,,,,,,
Vindicate,,,,,,,
Voracious Hydra,,,,,,,
Walking Ballista,,,,,,,
Winds of Abandon,,,,,,,
,,,,,,,
,,,,,,,
,,,,,,,
,,,,,,,
,,,,,,,
,,,,,,,
,,,,,,,
,,,,,,,
,,,,,,,
,,,,,,,
,,,,,,,
,,,,,,,
,,,,,,,
,,,,,,,
,,,,,,,
,,,,,,,
,,,,,,,
,,,,,,,
,,,,,,,
,,,,,,,
,,,,,,,
,,,,,,,
,,,,,,,
,,,,,,,
,,,,,,,
,,,,,,,
,,,,,,,
,,,,,,,
,,,,,,,
,,,,,,,
,,,,,,,
,,,,,,,
,,,,,,,
,,,,,,,
,,,,,,,
,,,,,,,
,,,,,,,
,,,,,,,
,,,,,,,
,,,,,,,
,,,,,,,
,,,,,,,
,,,,,,,
,,,,,,,
,,,,,,,
,,,,,,,
,,,,,,,
,,,,,,,
,,,,,,,
,,,,,,,
,,,,,,,
,,,,,,,
,,,,,,,
,,,,,,,
,,,,,,,
,,,,,,,
,,,,,,,
,,,,,,,
,,,,,,,
,,,,,,,
,,,,,,,
,,,,,,,
,,,,,,,
,,,,,,,
,,,,,,,
,,,,,,,
,,,,,,,
,,,,,,,
,,,,,,,
,,,,,,,
,,,,,,,
,,,,,,,
,,,,,,,
,,,,,,,
,,,,,,,
,,,,,,,
,,,,,,,
,,,,,,,
,,,,,,,
,,,,,,,
,,,,,,,
,,,,,,,
,,,,,,,
,,,,,,,
