thesidestepkids,02-May-2020
Removal,Mass Removal,Land-Fixing,Artifact-Fixing,Walkers,Bounce,Counters,Disruption (hand)
Abrade,Balance,Arid Mesa,Chrome Mox,Ajani Vengeant,Brazen Borrower,Condescend,Collective Brutality
Arc Lightning,Blast Zone,Ash Barrens,Coalition Relic,Chandra| Torch of Defiance,Cyclonic Rift,Counterspell,Duress
Arc Trail,Damnation,Bayou,Mox Diamond,Dack Fayden,Man-o'-War,Cryptic Command,Hymn to Tourach
Assassin's Trophy,Day of Judgment,Blood Crypt,Talisman of Dominance,Daretti| Ingenious Iconoclast,Upheaval,Daze,Inquisition of Kozilek
Banishing Light,Dragonlord Atarka,Bloodstained Mire,Talisman of Impulse,Elspeth| Sun's Champion,Venser| Shaper Savant,Force of Will,Kitesail Freebooter
Bonecrusher Giant,Fiery Confluence,Breeding Pool,Talisman of Progress,Garruk Wildspeaker,,Glen Elendra Archmage,Mind Twist
Chain Lightning,Toxic Deluge,Celestial Colonnade,Talisman of Unity,Gideon Blackblade,,Mana Leak,Thoughtseize
Char,Wrath of God,City of Brass,,Gideon Jura,,Miscalculation,Vendilion Clique
Control Magic,,Creeping Tar Pit,,Gideon| Ally of Zendikar,,Mystic Confluence,
Council's Judgment,,Fabled Passage,,Jace Beleren,,Remand,
Custodi Lich,,Flooded Strand,,Jace| the Mind Sculptor,,Supreme Will,
Dismember,,Godless Shrine,,Karn Liberated,,,
Doom Blade,,Hallowed Fountain,,Karn| Scion of Urza,,,
Dreadbore,,Mana Confluence,,Koth of the Hammer,,,
Earthquake,,Marsh Flats,,Liliana of the Veil,,,
Electrolyze,,Misty Rainforest,,Liliana| Death's Majesty,,,
Fireblast,,Overgrown Tomb,,Liliana| the Last Hope,,,
Firebolt,,Plateau,,Nissa| Voice of Zendikar,,,
Flametongue Kavu,,Polluted Delta,,Oko| Thief of Crowns,,,
Fractured Identity,,Prismatic Vista,,Sarkhan| the Dragonspeaker,,,
Go for the Throat,,Raging Ravine,,Teferi| Hero of Dominaria,,,
Goblin Cratermaker,,Sacred Foundry,,Tezzeret| Artifice Master,,,
Grim Lavamancer,,Savannah,,Vivien Reid,,,
Hero's Downfall,,Scalding Tarn,,Vraska| Golgari Queen,,,
Hostage Taker,,Scrubland,,Will Kenrith,,,
Incinerate,,Steam Vents,,,,,
Inferno Titan,,Stomping Ground,,,,,
Izzet Charm,,Taiga,,,,,
Journey to Nowhere,,Temple Garden,,,,,
Lightning Bolt,,Tropical Island,,,,,
Lightning Helix,,Tundra,,,,,
Lightning Strike,,Underground Sea,,,,,
Liliana's Triumph,,Verdant Catacombs,,,,,
Maelstrom Pulse,,Volcanic Island,,,,,
Magma Jet,,Watery Grave,,,,,
Murderous Rider,,Windswept Heath,,,,,
Oblivion Ring,,Wooded Foothills,,,,,
Opposition,,,,,,,
Palace Jailer,,,,,,,
Path to Exile,,,,,,,
Plague Engineer,,,,,,,
Ravenous Chupacabra,,,,,,,
Shriekmaw,,,,,,,
Snuff Out,,,,,,,
Sower of Temptation,,,,,,,
Swords to Plowshares,,,,,,,
Treachery,,,,,,,
Unexpectedly Absent,,,,,,,
Vedalken Shackles,,,,,,,
Vindicate,,,,,,,
Walking Ballista,,,,,,,
Winds of Abandon,,,,,,,
,,,,,,,
,,,,,,,
,,,,,,,
,,,,,,,
,,,,,,,
,,,,,,,
,,,,,,,
,,,,,,,
,,,,,,,
,,,,,,,
,,,,,,,
,,,,,,,
,,,,,,,
,,,,,,,
,,,,,,,
,,,,,,,
,,,,,,,
,,,,,,,
,,,,,,,
,,,,,,,
,,,,,,,
,,,,,,,
,,,,,,,
,,,,,,,
,,,,,,,
,,,,,,,
,,,,,,,
,,,,,,,
,,,,,,,
,,,,,,,
,,,,,,,
,,,,,,,
,,,,,,,
,,,,,,,
,,,,,,,
,,,,,,,
,,,,,,,
,,,,,,,
,,,,,,,
,,,,,,,
,,,,,,,
,,,,,,,
,,,,,,,
,,,,,,,
,,,,,,,
,,,,,,,
,,,,,,,
,,,,,,,
,,,,,,,
,,,,,,,
,,,,,,,
,,,,,,,
,,,,,,,
,,,,,,,
,,,,,,,
,,,,,,,
,,,,,,,
,,,,,,,
,,,,,,,
,,,,,,,
,,,,,,,
,,,,,,,
,,,,,,,
,,,,,,,
,,,,,,,
,,,,,,,
,,,,,,,
,,,,,,,
,,,,,,,
,,,,,,,
,,,,,,,
,,,,,,,
,,,,,,,
,,,,,,,
,,,,,,,
,,,,,,,
,,,,,,,
,,,,,,,
,,,,,,,
,,,,,,,
,,,,,,,
,,,,,,,
,,,,,,,
,,,,,,,
,,,,,,,
,,,,,,,
,,,,,,,
,,,,,,,
,,,,,,,
,,,,,,,
,,,,,,,
,,,,,,,
,,,,,,,
,,,,,,,
,,,,,,,
,,,,,,,
,,,,,,,
,,,,,,,
