THUNDERWANG,02-May-2020
Removal,Mass Removal,Land-Fixing,Artifact-Fixing,Walkers,Bounce,Counters,Disruption (hand)
Abrade,Balance,Arid Mesa,Chrome Mox,Ajani Vengeant,Brazen Borrower,Condescend,Agonizing Remorse
Abrupt Decay,Damnation,Ash Barrens,Coalition Relic,Ashiok| Nightmare Weaver,Man-o'-War,Counterspell,Collective Brutality
Arc Lightning,Day of Judgment,Bayou,Mox Diamond,Chandra| Flamecaller,Upheaval,Cryptic Command,Duress
Arc Trail,Dragonlord Atarka,Blood Crypt,Talisman of Creativity,Chandra| Torch of Defiance,Venser| Shaper Savant,Daze,Hymn to Tourach
Assassin's Trophy,Engineered Explosives,Bloodstained Mire,Talisman of Dominance,Dack Fayden,,Forbid,Inquisition of Kozilek
Banishing Light,Fiery Confluence,Breeding Pool,Talisman of Hierarchy,Daretti| Ingenious Iconoclast,,Force Spike,Kitesail Freebooter
Bonecrusher Giant,Fire Covenant,Celestial Colonnade,Talisman of Indulgence,Elspeth| Knight-Errant,,Force of Negation,Thoughtseize
Burst Lightning,Languish,City of Brass,Talisman of Progress,Elspeth| Sun's Champion,,Force of Will,Vendilion Clique
Chain Lightning,Parallax Wave,Creeping Tar Pit,,Elspeth| Sun's Nemesis,,Glen Elendra Archmage,
Char,Toxic Deluge,Evolving Wilds,,Garruk Relentless,,Mana Leak,
Control Magic,Wrath of God,Fabled Passage,,Garruk Wildspeaker,,Mana Tithe,
Council's Judgment,,Fiery Islet,,Gideon Blackblade,,Miscalculation,
Custodi Lich,,Flooded Strand,,Gideon Jura,,Mystic Confluence,
Dismember,,Godless Shrine,,Gideon of the Trials,,Remand,
Dreadbore,,Hallowed Fountain,,Gideon| Ally of Zendikar,,Spell Pierce,
Earthquake,,Hissing Quagmire,,Jace| the Mind Sculptor,,,
Fire // Ice,,Horizon Canopy,,Karn Liberated,,,
Fire Covenant,,Lavaclaw Reaches,,Karn| Scion of Urza,,,
Fireblast,,Lumbering Falls,,Koth of the Hammer,,,
Firebolt,,Mana Confluence,,Liliana of the Veil,,,
Flametongue Kavu,,Marsh Flats,,Liliana| the Last Hope,,,
Fractured Identity,,Misty Rainforest,,Mu Yanling| Sky Dancer,,,
Go for the Throat,,Needle Spires,,Nissa| Voice of Zendikar,,,
Goblin Cratermaker,,Nurturing Peatland,,Nissa| Who Shakes the World,,,
Grim Lavamancer,,Overgrown Tomb,,Nissa| Worldwaker,,,
Hero's Downfall,,Plateau,,Oko| Thief of Crowns,,,
Hostage Taker,,Polluted Delta,,Saheeli| the Gifted,,,
Incinerate,,Prismatic Vista,,Serra the Benevolent,,,
Inferno Titan,,Raging Ravine,,Sorin| Lord of Innistrad,,,
Izzet Charm,,Sacred Foundry,,Teferi| Hero of Dominaria,,,
Journey to Nowhere,,Savannah,,Teferi| Time Raveler,,,
Lightning Bolt,,Scalding Tarn,,Tezzeret| Artifice Master,,,
Lightning Helix,,Scrubland,,Ugin| the Spirit Dragon,,,
Liliana's Triumph,,Shambling Vent,,Vraska| Golgari Queen,,,
Maelstrom Pulse,,Silent Clearing,,Wrenn and Six,,,
Magma Jet,,Steam Vents,,Xenagos| the Reveler,,,
Murderous Rider,,Stirring Wildwood,,,,,
Nekrataal,,Stomping Ground,,,,,
Oblivion Ring,,Sunbaked Canyon,,,,,
Opposition,,Taiga,,,,,
Palace Jailer,,Temple Garden,,,,,
Path to Exile,,Terramorphic Expanse,,,,,
Plague Engineer,,Tropical Island,,,,,
Ravenous Chupacabra,,Tundra,,,,,
Rolling Earthquake,,Underground Sea,,,,,
Searing Spear,,Verdant Catacombs,,,,,
Shriekmaw,,Volcanic Island,,,,,
Snuff Out,,Wandering Fumarole,,,,,
Sower of Temptation,,Waterlogged Grove,,,,,
Swords to Plowshares,,Watery Grave,,,,,
Treachery,,Windswept Heath,,,,,
Unexpectedly Absent,,Wooded Foothills,,,,,
Vedalken Shackles,,,,,,,
Vindicate,,,,,,,
Voracious Hydra,,,,,,,
Walking Ballista,,,,,,,
Winds of Abandon,,,,,,,
,,,,,,,
,,,,,,,
,,,,,,,
,,,,,,,
,,,,,,,
,,,,,,,
,,,,,,,
,,,,,,,
,,,,,,,
,,,,,,,
,,,,,,,
,,,,,,,
,,,,,,,
,,,,,,,
,,,,,,,
,,,,,,,
,,,,,,,
,,,,,,,
,,,,,,,
,,,,,,,
,,,,,,,
,,,,,,,
,,,,,,,
,,,,,,,
,,,,,,,
,,,,,,,
,,,,,,,
,,,,,,,
,,,,,,,
,,,,,,,
,,,,,,,
,,,,,,,
,,,,,,,
,,,,,,,
,,,,,,,
,,,,,,,
,,,,,,,
,,,,,,,
,,,,,,,
,,,,,,,
,,,,,,,
,,,,,,,
,,,,,,,
,,,,,,,
,,,,,,,
,,,,,,,
,,,,,,,
,,,,,,,
,,,,,,,
,,,,,,,
,,,,,,,
,,,,,,,
,,,,,,,
,,,,,,,
,,,,,,,
,,,,,,,
,,,,,,,
,,,,,,,
,,,,,,,
,,,,,,,
,,,,,,,
,,,,,,,
,,,,,,,
,,,,,,,
,,,,,,,
,,,,,,,
,,,,,,,
,,,,,,,
,,,,,,,
,,,,,,,
,,,,,,,
,,,,,,,
,,,,,,,
,,,,,,,
,,,,,,,
,,,,,,,
,,,,,,,
,,,,,,,
,,,,,,,
,,,,,,,
,,,,,,,
,,,,,,,
,,,,,,,
,,,,,,,
,,,,,,,
,,,,,,,
,,,,,,,
,,,,,,,
,,,,,,,
,,,,,,,
,,,,,,,
,,,,,,,
,,,,,,,
