Tjornan,01-May-2020
Removal,Mass Removal,Land-Fixing,Artifact-Fixing,Walkers,Bounce,Counters,Disruption (hand)
Abrade,Balance,Arid Mesa,Arcum's Astrolabe,Ajani Vengeant,Upheaval,Condescend,Agonizing Remorse
Angel of Sanctions,Damnation,Ash Barrens,Azorius Signet,Chandra| Awakened Inferno,Venser| Shaper Savant,Counterspell,Collective Brutality
Arc Lightning,Day of Judgment,Bayou,Chrome Mox,Chandra| Flamecaller,,Force of Negation,Duress
Arc Trail,Dead of Winter,Blood Crypt,Coalition Relic,Chandra| Torch of Defiance,,Force of Will,Hymn to Tourach
Assassin's Trophy,Dragonlord Atarka,Bloodstained Mire,Coldsteel Heart,Dack Fayden,,Glen Elendra Archmage,Inquisition of Kozilek
Banishing Light,Fiery Confluence,Breeding Pool,Izzet Signet,Daretti| Ingenious Iconoclast,,Mana Drain,Kitesail Freebooter
Blast from the Past,Pyroclasm,Celestial Colonnade,Mox Diamond,Elspeth| Knight-Errant,,Mana Leak,Mesmeric Fiend
Burst Lightning,Supreme Verdict,City of Brass,Talisman of Conviction,Elspeth| Sun's Champion,,Memory Lapse,Mind Twist
Cast Down,Toxic Deluge,Creeping Tar Pit,Talisman of Creativity,Elspeth| Sun's Nemesis,,Miscalculation,Thoughtseize
Chain Lightning,Whipflare,Evolving Wilds,Talisman of Curiosity,Garruk Relentless,,Mystic Confluence,Vendilion Clique
Control Magic,Wrath of God,Fabled Passage,Talisman of Dominance,Garruk Wildspeaker,,Negate,
Council's Judgment,,Fetid Pools,Talisman of Progress,Garruk| Cursed Huntsman,,Remand,
Dismember,,Fiery Islet,,Garruk| Primal Hunter,,Spell Pierce,
Doom Blade,,Flooded Strand,,Gideon Blackblade,,Thassa's Intervention,
Dreadbore,,Godless Shrine,,Gideon Jura,,,
Fireblast,,Hallowed Fountain,,Gideon of the Trials,,,
Firebolt,,Horizon Canopy,,Gideon| Ally of Zendikar,,,
Flametongue Kavu,,Irrigated Farmland,,Jace| the Mind Sculptor,,,
Forked Bolt,,Lavaclaw Reaches,,Karn Liberated,,,
Fractured Identity,,Lumbering Falls,,Karn| Scion of Urza,,,
Glorybringer,,Mana Confluence,,Koth of the Hammer,,,
Go for the Throat,,Marsh Flats,,Liliana of the Veil,,,
Goblin Cratermaker,,Misty Rainforest,,Liliana| Dreadhorde General,,,
Hero's Downfall,,Nurturing Peatland,,Liliana| the Last Hope,,,
Hostage Taker,,Overgrown Tomb,,Mu Yanling| Sky Dancer,,,
Incinerate,,Plateau,,Narset| Parter of Veils,,,
Inferno Titan,,Polluted Delta,,Nissa| Vital Force,,,
Izzet Charm,,Prismatic Vista,,Nissa| Voice of Zendikar,,,
Lightning Bolt,,Raging Ravine,,Nissa| Who Shakes the World,,,
Lightning Helix,,Sacred Foundry,,Oko| Thief of Crowns,,,
Lightning Strike,,Savannah,,Saheeli| Sublime Artificer,,,
Maelstrom Pulse,,Scalding Tarn,,Saheeli| the Gifted,,,
Magma Jet,,Scattered Groves,,Sarkhan the Masterless,,,
Nekrataal,,Scrubland,,Serra the Benevolent,,,
Oblivion Ring,,Sheltered Thicket,,Sorin| Lord of Innistrad,,,
On Thin Ice,,Silent Clearing,,Teferi| Hero of Dominaria,,,
Opposition,,Steam Vents,,Teferi| Time Raveler,,,
Oust,,Stomping Ground,,Ugin| the Ineffable,,,
Palace Jailer,,Sulfurous Springs,,Ugin| the Spirit Dragon,,,
Path to Exile,,Sunbaked Canyon,,Vivien Reid,,,
Plague Engineer,,Taiga,,Will Kenrith,,,
Ravenous Chupacabra,,Temple Garden,,Xenagos| the Reveler,,,
Rolling Earthquake,,Tropical Island,,,,,
Searing Spear,,Tundra,,,,,
Shatter the Sky,,Underground Sea,,,,,
Shriekmaw,,Verdant Catacombs,,,,,
Snuff Out,,Volcanic Island,,,,,
Sower of Temptation,,Waterlogged Grove,,,,,
Swords to Plowshares,,Watery Grave,,,,,
Treachery,,Windswept Heath,,,,,
Unexpectedly Absent,,Wooded Foothills,,,,,
Vedalken Shackles,,,,,,,
Vindicate,,,,,,,
Voracious Hydra,,,,,,,
Walking Ballista,,,,,,,
Winds of Abandon,,,,,,,
,,,,,,,
,,,,,,,
,,,,,,,
,,,,,,,
,,,,,,,
,,,,,,,
,,,,,,,
,,,,,,,
,,,,,,,
,,,,,,,
,,,,,,,
,,,,,,,
,,,,,,,
,,,,,,,
,,,,,,,
,,,,,,,
,,,,,,,
,,,,,,,
,,,,,,,
,,,,,,,
,,,,,,,
,,,,,,,
,,,,,,,
,,,,,,,
,,,,,,,
,,,,,,,
,,,,,,,
,,,,,,,
,,,,,,,
,,,,,,,
,,,,,,,
,,,,,,,
,,,,,,,
,,,,,,,
,,,,,,,
,,,,,,,
,,,,,,,
,,,,,,,
,,,,,,,
,,,,,,,
,,,,,,,
,,,,,,,
,,,,,,,
,,,,,,,
,,,,,,,
,,,,,,,
,,,,,,,
,,,,,,,
,,,,,,,
,,,,,,,
,,,,,,,
,,,,,,,
,,,,,,,
,,,,,,,
,,,,,,,
,,,,,,,
,,,,,,,
,,,,,,,
,,,,,,,
,,,,,,,
,,,,,,,
,,,,,,,
,,,,,,,
,,,,,,,
,,,,,,,
,,,,,,,
,,,,,,,
,,,,,,,
,,,,,,,
,,,,,,,
,,,,,,,
,,,,,,,
,,,,,,,
,,,,,,,
,,,,,,,
,,,,,,,
,,,,,,,
,,,,,,,
,,,,,,,
,,,,,,,
,,,,,,,
,,,,,,,
,,,,,,,
,,,,,,,
,,,,,,,
,,,,,,,
,,,,,,,
,,,,,,,
,,,,,,,
,,,,,,,
,,,,,,,
,,,,,,,
,,,,,,,
,,,,,,,
