Visserdrix,24-Apr-2020
Removal,Mass Removal,Land-Fixing,Artifact-Fixing,Walkers,Bounce,Counters,Disruption (hand)
Abrade,Balance,Arid Mesa,Chrome Mox,Chandra| Torch of Defiance,Brazen Borrower,Condescend,Duress
Angel of Sanctions,Blast Zone,Ash Barrens,Coalition Relic,Elspeth| Knight-Errant,Cyclonic Rift,Counterspell,Hymn to Tourach
Anguished Unmaking,Damnation,Blood Crypt,Mox Diamond,Jace| the Mind Sculptor,Man-o'-War,Cryptic Command,Thoughtseize
Arc Trail,Dragonlord Atarka,Bloodstained Mire,Talisman of Dominance,Karn| Scion of Urza,Venser| Shaper Savant,Force of Will,Vendilion Clique
Assassin's Trophy,Fiery Confluence,Breeding Pool,Talisman of Impulse,Liliana of the Veil,,Glen Elendra Archmage,
Beast Within,Night Incarnate,Celestial Colonnade,Talisman of Indulgence,Nissa| Voice of Zendikar,,Mana Drain,
Bedevil,Parallax Wave,City of Brass,Talisman of Progress,Ugin| the Ineffable,,Mana Leak,
Bonecrusher Giant,Pernicious Deed,Creeping Tar Pit,Talisman of Unity,,,Mana Tithe,
Burst Lightning,Supreme Verdict,Evolving Wilds,,,,Mystic Confluence,
Cast Down,Toxic Deluge,Fabled Passage,,,,Remand,
Cast Out,Wrath of God,Flooded Strand,,,,Supreme Will,
Char,Wretched Confluence,Godless Shrine,,,,,
Control Magic,,Hallowed Fountain,,,,,
Council's Judgment,,Hissing Quagmire,,,,,
Dismember,,Lavaclaw Reaches,,,,,
Electrolyze,,Lumbering Falls,,,,,
Fireblast,,Mana Confluence,,,,,
Flametongue Kavu,,Marsh Flats,,,,,
Fractured Identity,,Misty Rainforest,,,,,
Frenzied Fugue,,Needle Spires,,,,,
Go for the Throat,,Overgrown Tomb,,,,,
Goblin Cratermaker,,Polluted Delta,,,,,
Grim Lavamancer,,Prismatic Vista,,,,,
Hero's Downfall,,Raging Ravine,,,,,
Hostage Taker,,Sacred Foundry,,,,,
Inferno Titan,,Scalding Tarn,,,,,
Izzet Charm,,Shambling Vent,,,,,
Lightning Bolt,,Steam Vents,,,,,
Lightning Helix,,Stirring Wildwood,,,,,
Magma Jet,,Stomping Ground,,,,,
Mizzium Mortars,,Temple Garden,,,,,
Murderous Rider,,Verdant Catacombs,,,,,
Noxious Gearhulk,,Wandering Fumarole,,,,,
Oblivion Ring,,Watery Grave,,,,,
Path to Exile,,Windswept Heath,,,,,
Plague Engineer,,Wooded Foothills,,,,,
Purphoros's Intervention,,,,,,,
Ravenous Chupacabra,,,,,,,
Rolling Earthquake,,,,,,,
Searing Spear,,,,,,,
Shriekmaw,,,,,,,
Song of the Dryads,,,,,,,
Sower of Temptation,,,,,,,
Swords to Plowshares,,,,,,,
Unexpectedly Absent,,,,,,,
Valorous Stance,,,,,,,
Vindicate,,,,,,,
Voracious Hydra,,,,,,,
Walking Ballista,,,,,,,
Winds of Abandon,,,,,,,
,,,,,,,
,,,,,,,
,,,,,,,
,,,,,,,
,,,,,,,
,,,,,,,
,,,,,,,
,,,,,,,
,,,,,,,
,,,,,,,
,,,,,,,
,,,,,,,
,,,,,,,
,,,,,,,
,,,,,,,
,,,,,,,
,,,,,,,
,,,,,,,
,,,,,,,
,,,,,,,
,,,,,,,
,,,,,,,
,,,,,,,
,,,,,,,
,,,,,,,
,,,,,,,
,,,,,,,
,,,,,,,
,,,,,,,
,,,,,,,
,,,,,,,
,,,,,,,
,,,,,,,
,,,,,,,
,,,,,,,
,,,,,,,
,,,,,,,
,,,,,,,
,,,,,,,
,,,,,,,
,,,,,,,
,,,,,,,
,,,,,,,
,,,,,,,
,,,,,,,
,,,,,,,
,,,,,,,
,,,,,,,
,,,,,,,
,,,,,,,
,,,,,,,
,,,,,,,
,,,,,,,
,,,,,,,
,,,,,,,
,,,,,,,
,,,,,,,
,,,,,,,
,,,,,,,
,,,,,,,
,,,,,,,
,,,,,,,
,,,,,,,
,,,,,,,
,,,,,,,
,,,,,,,
,,,,,,,
,,,,,,,
,,,,,,,
,,,,,,,
,,,,,,,
,,,,,,,
,,,,,,,
,,,,,,,
,,,,,,,
,,,,,,,
,,,,,,,
,,,,,,,
,,,,,,,
,,,,,,,
,,,,,,,
,,,,,,,
,,,,,,,
,,,,,,,
,,,,,,,
,,,,,,,
,,,,,,,
,,,,,,,
,,,,,,,
,,,,,,,
,,,,,,,
,,,,,,,
,,,,,,,
,,,,,,,
,,,,,,,
,,,,,,,
,,,,,,,
,,,,,,,
,,,,,,,
,,,,,,,
